path,bytes,sha256
.gitignore,132,9b45c2c7e84b6ef603e8178d1cb8d24cae8d965cf4ee20c9aeff143c476792ab
CITATION.cff,946,b1eb3e8c5717581a5742c591eac6ea13c266f3aad3489a1411b105b3c5a28cf0
README.md,9374,97e6640916c89ced125530137e49b9505437b599a0d6d10ea87355fa9811e9aa
code/01_structural_analysis.py,8477,97f0e71ca9e8189beb5f10e444381365ac773d609e16f9cfa3f97ee9b9fd3b7d
code/02_link_prediction.py,2704,fef79f44bacc9ef0fb879143719d780ae906cfe0ebc0057d7f6477d94dc24d33
code/03_ranking_robustness.py,3455,36fbec2ef89b0e66a39309d8c69bcf0a7e4162362352b684d4f2f7ceb86798ba
code/04_statistics.py,5131,ef5642931a1d2826bb596f5fd0304f52b684b796c020ac262558f37ab8e2684e
code/05_figures_structure.py,11020,106938ddb27a86a5172f4288af149eac593eda05fe21d779eb4eb14acfcb7ac3
code/06_figures_results.py,18961,155e7f4d2b33de94106d5e1f2e8d986f13cdc74a1f7f7920121e9c19852c7a23
code/07_objective_ablation.py,10448,70d3e51b40ac7385d1aa01972b4f8f3ee8715a274d77ab3635306e15333eee7f
code/08_annotation_sensitivity.py,12633,94c04423c3d0e3f87b5bef59cf1069f25854bacb63db575ba1006eaf0b2ffb3b
code/09_statistics_revised.py,10992,a00ef5ddae0ea2278dbac8f49fcafc6f640ead1560c79c2e8ac6fd36f1376068
code/10_figures_revision.py,10997,75602a8246990e3ae35588953ccfa23b5812d4c63c24be3b072c23de30da2d63
code/11_sensitivity_linkpred.py,3042,416199dd1b7aac7c9b5377d3bc85f415c3e451b40091a4615b8937e6b9fc7392
code/12_revision_audit.py,8576,e65d7a905cfadfa94dda33455c79716b3aedef9affc09c81a4f960b46d2c6d8d
code/13_figure_design.py,4440,00ae0597e7c808c0a7cc5efce177f7d3af013098399a8d8554cade2aaca643be
code/14_ensure_figure_formats.py,2102,87100d9bb757e14d228f5259a78039302e70818a843cf81cf8bc6fabf153543c
code/figstyle.py,6371,faa421e55e84dd48e0b46396948a11029bd6faf7ccbec025075a11c363c035f4
code/kge_core.py,11577,cfd3ccab91940ad2abb555eb4b37fa8d1c57ed2c5f9b4f33cbc4498f8e6c3ea3
code/labels.py,6364,94e408b5bb09d333a73d4b32449712b8ae1ecba326605688b5614303d1b11406
code/labels_en.py,6677,028066a6c98c630e0ec7419015ea817dc6e5e78f95ec462df420019e29bb5c47
data/README.md,1176,668b6893c1ffa789729944d21e87d84cf642e8552969235b9a7178ab939e0e08
data/edges.csv,2863968,e97cb489bc4dbd7222851f0d4f19e8af663238c59a67e747edcbdeb827688183
data/edges_core.csv,548572,61042da88827075da5b63c23d88fe066357286154be1ca0fbe1981624cb3f1cc
data/nodes.csv,231854,4993595f59180119f6464cb6c5e5564446ff157c76e1c7873b5109443a8c82d9
data/nodes_core.csv,51931,704f2db891bee7645e1066f76d4366217ad5411366b5f234009d76d0fd680db1
data/summary.json,8605,0e042d002fb9df831ff62f23d6d390478bfa07427733e4d0633f12552d8e0361
figures/fig01_schema.pdf,31174,b21379f15e51624bdd3dc759710fa4b26da32e01a5bbff476aa24b4eb72d9036
figures/fig01_schema.png,187852,8fb541dce3f105bef16f0e00d779353212bc57dee12f0afeb80bf67ddd0a46cd
figures/fig02_extraction_funnel.pdf,29546,200d807fcf29ba2e4937f08aa03a9a22d4d7cee6ae58bc0a397b857ec0c8b9d8
figures/fig02_extraction_funnel.png,194124,72b0890bb85c5734e5446755b162430731aa3d7f6843f631e8beb2211639ebcc
figures/fig03_relation_composition.pdf,31685,fec4adf9e6ca5270eab4b28d47403551f6b53e435645ffd18cc1d5a1a3a83a34
figures/fig03_relation_composition.png,223275,b13271d69a701db6f21f566fff89a1f533a653a3d6041f0735e064385db27d04
figures/fig04_threshold_sensitivity.pdf,29577,7f03649dce5a8bfef8cb0ed5285456861305e6d94658770fb3e1e40404afe555
figures/fig04_threshold_sensitivity.png,206805,4a427462a674be2e5231661b69dd398cce83073c33a7040a8122bd897f508fb7
figures/fig05_degree_structure.pdf,43337,3a84d8b400f1a106acffb61dc477bd14ad3b13e05af7d133222fe8a8dd38f31d
figures/fig05_degree_structure.png,294292,ea91ddb499adf39282ae543fd34ffc9c82e4b9aaa7efbbc31a4c79db391794c0
figures/fig06_annotation_sensitivity.png,15111,4ed12b85001e219756cc2e02adfc7e1215c4a8f00106bc465bd0a1f2503d57ee
figures/fig07_objective_ablation.png,15009,9fecec7346793c0b84360e25c25698cfffa6641f0fd578c2bfe260966568c015
figures/fig08_relation_lift_exact.png,15007,17137748cccfe840b59204e1029270bf0804c74e06e4ffa7b1ca6009f8a44dd0
figures/fig09_graph_map.pdf,1794674,be440f037b69c86dfb3c073d3a0e69f6a3ce145c187e3af6b1239fc4accf3970
figures/fig09_graph_map.png,2579227,c1dde592add43b9e97725a47b97720981f227c710714a5a14e881f48bea38a47
figures/fig10_kgmmai_design.svg,4847,2dea35f9f239c6073c85ee070f3a4add2f8832bbbfe6b09e2bde4c2e04435c9f
requirements.txt,81,0c6b5c263621f54a58b0ec81002254590812ef9006c41c7d1b42503b183d3202
results/component_detail.csv,360,bd4e5dca57dc5c187f0afe644852f051a364f78fb59ca0f2cae4b5b5224a6a71
results/core_node_degrees.csv,64589,b2b90083709cdf218c0e7390fe9e49d5ff25f758f51f7e6afa138b08c3d6468d
results/degree_stats.csv,167,6b4d5a0c920a04bba92b5f09e15d3e0f5328c00053bfc7243f8cee98aaabf120
results/entity_distribution.csv,254,ba6db85bc7b90ea03b8f0c02ef48bdd032bc6d97acea695004987565cfa87ec8
results/entity_labels.csv,485619,eb3ce6775f6fededd9e7e04a4cd21ed141290d2f62d98d56c35b94dd08834f6f
results/graph_layout_seed7.csv,95379,d5bd70b2d09ed6aa063de6cfbc24cd802bb7819da4b77372676ee0f88dea57c6
results/hub_entities.csv,1448,2bea44c806119cbac784fbf4338a59ce9f5993fd1b4fd3d0afa623dec0809916
results/manuscript_reference/README.md,689,cfd91a88140b72942ed9491a6939212d699f9f60e60f41966d7ec498de1ca99d
results/manuscript_reference/annotation_sensitivity_linkpred.csv,505,9f0ef4e48a51cb2ba72c78d85280bb2fce8307bec83cf4d31d975d119161449e
results/manuscript_reference/annotation_sensitivity_structure.csv,309,6c69d55cd61a48f28b5a1f9792ce772d3cb93f18f04d1e6a72566d31ed35e7c3
results/manuscript_reference/objective_ablation_60ep.csv,507,82ce072b6c7b9f127d58b9c0acd44cac080e827ba9b344d8eee1c27cbba684be
results/manuscript_reference/relation_lift_exact.csv,359,b4a3099b440803f8bd849b6722ae3536ecab9470837db42c18f1fd7efbb765bc
results/model_bootstrap_ci.csv,167,f531df57ad31cb4f1f9fd29f250161503d6c1530db533b9daa13ae9dfaa42e29
results/model_pairwise_tests.csv,580,fdcb4a88ce5a4e5c4ad9d22ddef78866355ebe00ae34e0106a687c148a1ab229
results/relation_difficulty.csv,377,240400dec134fb7421aaae5019d65cdd2347287b792974ae25acc58c7297bb17
results/relation_distribution.csv,332,a33fedef8471d09f4cf7daf33823e17b5699fbaaf9dc6ec31cdfaee59a279d67
results/robustness_curves.csv,1683,f897373ef7d5b3a581c03f6e465ebd7b9af94e6433af33112436bcca8a776f88
results/robustness_per_seed.csv,2552,702ce0a7914e8d0a4539025e2d7d4047d3255673f2cbb42c6818c460209472ba
results/robustness_summary.csv,582,a39960d35c1b3d208a11416a80166163fdd51f01a3f851695cdf7d52e572caef
results/small_sample_precision.csv,392,c6482cd726abf31c5b293f0e64e4378d3f69407e63a450003c8c4b916d6d0a23
results/splits.csv,350447,d2fb31c2d1f7ee6a337a690409e52ecf868fe5a9c95b30dd8d97ee05c39ed136
results/structural_profile.csv,572,578498b54a02646cc75db1a97e9c6117a2bdf1b12d8746129d16738c7332a432
results/structural_summary.json,464,9230542ead52f6f656a2968443410e0626f261362eac1dc8f9e5ebe6467504fb
results/weight_distribution.csv,549,37b88e6e4e291ca26903fe0382f1ae74c1c779d3269d3e3e638d5bd03a7d625e
run_experiments.py,9065,aa7e7249dc7e888e3d13f24d5e4e2af1d1df152515c861e1b45124289fa7bf7f
tests/test_manuscript_contract.py,2145,d5801499807a033b6bf3298a0fcf708a84dfbbb654b8cb64809cd9eada640202
tests/test_smoke.py,1305,6f9e61e8f3ca32b4d24d80a489d1a1d2255e0d2d7ee0b1629cb344c5777bfee9
tools/update_manifest.py,1645,2dce2adcf39eba5aede2d7e9b324ded7099b056747a34de0be59e6c9c447404b
tools/verify_manifest.py,1544,5ca25323f8db761a2b158d30c91064657d8126819786a72cee1fa86db6fde089
