node_id,x,y
CAU_00053,0.06398923989851585,0.1037925704352915
SYM_03407,-0.06497930285618272,-0.004997759102910482
CAU_00064,0.3527968041410431,0.25111547762081166
SYM_04891,0.6424488129466562,0.3225407337309682
SYM_03424,0.027605812730023868,-0.048441544163270664
CAU_00020,0.05838904764571423,-0.14224455062776842
SYM_03426,-0.097163086967692,-0.0023737712908267075
SYM_03453,0.191373097362881,-0.03357366447465523
SYM_03564,-0.27095954993569177,-0.36948586642527437
CAU_00099,0.05524960264557106,0.04249041688392735
SYM_03425,0.20959958466551418,-0.03362034049848251
CAU_00103,0.21185350999727082,-0.0050708415545693795
SYM_03430,0.02113538836762959,0.02378363023744234
CAU_00068,0.2774212199432479,-0.014270022165174928
CAU_00025,0.2041469028561175,0.023364674817013452
SYM_03413,0.21508315548587037,-0.06489276219090843
SYM_03578,0.20606801950901407,-0.08562240029898793
CAU_00073,0.2589995236228092,-0.01259939761477443
SYM_03524,0.1740001310271696,-0.05635846004534899
CAU_00139,0.25547957960355017,-0.22723203436272968
SYM_03496,0.23047875213153757,-0.08930178924983566
SYM_04379,0.5027052276996938,-0.40825459363023264
CAU_00150,0.8621848930131096,0.6535423122803788
SYM_03822,0.6621932636430017,0.512355195043589
CAU_00406,-0.21982738942039173,0.48962744186164975
SYM_04341,-0.04421195133302349,0.2749493315434074
CAU_00018,0.08396878539669564,-0.00963819600374166
CAU_00084,0.14589528538365315,-0.12843602969911264
SYM_03727,0.2480166255756682,-0.23995490335824068
SYM_03530,0.13854739894835674,-0.1486111783423498
SYM_04342,0.4374557857542988,-0.21914937561425965
SYM_03812,-0.0023730852071335044,-0.399502768830284
SYM_03409,-0.10648848511670456,-0.00045106051579189187
SYM_03856,0.2790103782078637,-0.21402747072749007
CAU_00048,0.26491697709387446,-0.09535565646651402
SYM_03433,0.22208927363460584,0.06298011531061619
SYM_04659,0.4166974063976339,-0.35241546437530696
CAU_00254,0.17494977742791282,-0.4721292932825363
SYM_04253,0.17038310279012323,-0.3460057324561099
CAU_00036,0.0024791352726386924,0.04013725759816954
SYM_03410,-0.09020855542334257,0.021578640265436152
SYM_03464,-0.056107151520052884,0.010472691440586362
SYM_03462,-0.08359840927553368,0.05734891380697379
SYM_03477,-0.16938483856381661,0.05255120770149313
SYM_03419,0.12908975379718204,-0.06012773239040769
SYM_03574,0.03956655947385478,0.2156345607101672
SYM_03465,0.22013715043268997,0.09110120509158941
SYM_03418,0.14284759393059138,0.019840799169257357
CAU_00060,0.09685362871408228,-0.003774183900630461
CAU_00190,0.47886374107205876,0.07879097648257997
SYM_03515,0.20512490560213528,0.06997314969569347
SYM_04386,0.7582901131270475,0.10107178013167527
CAU_00087,0.046093160710299695,-0.05936337300288401
SYM_03620,0.15459133549725657,0.04448048894070977
SYM_03513,0.18496980239002234,0.0021425191728063732
CAU_00140,0.13899641855255213,-0.010850138417195907
CAU_00076,0.16280433489377277,0.09642147871086701
SYM_05071,0.5056990695175554,-0.39537599130529544
SYM_04395,0.23451714993028525,-0.26204664370325853
SYM_04909,0.49528610302524817,-0.40587737688952236
SYM_03480,-0.02428801746297215,-0.024376269281660423
SYM_04344,0.28314448146589694,-0.29548129545692703
CAU_00189,-0.03836209580297882,0.06355718737980301
SYM_03441,0.15735534651740282,-0.01944544753029205
CAU_00102,0.014135722083912294,-0.04031848170185667
CAU_00010,0.22879955915264766,0.0292130077718311
SYM_04394,0.5594902515652777,-0.06124174394021737
CAU_00117,0.12370958117935058,0.010735125987527348
SYM_03702,0.14463116527430703,0.10478621178971369
SYM_03514,0.22631528262804584,0.10531133576901934
SYM_03446,0.08802526333393011,-0.046312673111538034
SYM_03411,0.012593781685896626,-0.0031115491757454676
SYM_03438,-0.050301433195747564,0.022944376969298762
SYM_03431,0.19857683980165272,-0.095285352555145
CAU_00009,0.1460086570747029,-0.0951392968867324
CAU_00105,-0.2973655717002803,-0.2108732643775733
CAU_00259,0.8246196571529851,0.6723878202539577
SYM_03646,0.32185934943888367,-0.002930655149308271
SYM_03527,0.2652006873243143,0.042705056598058865
SYM_03540,0.3333205959243726,0.010855352518575438
CAU_00118,0.13611483805620628,0.026058965427345697
SYM_04089,0.14882001937280923,-0.29349253408313136
SYM_03461,0.12257674140901856,-0.07406572559424168
CAU_00057,0.191200441552471,-0.03220534614503461
SYM_03415,0.16909396754828168,-0.07045121687013747
SYM_03429,-0.08363666218379982,0.022005585852741948
SYM_03448,0.2134363459110537,-0.08439502765861308
SYM_04307,0.2283197649702077,-0.35722337042087093
CAU_00088,0.29184885346667166,-0.18399719401248635
CAU_00055,0.027980620424144,-0.05222918312667705
CAU_00083,0.3861407094292944,-0.2850005747950335
SYM_03417,0.17638450646686651,-0.07661596348049202
SYM_03538,0.29936280862605447,-0.016359080529731316
CAU_00069,0.14037735600217913,0.057901109386549084
SYM_03902,0.39364552416323073,0.17384773548185362
SYM_03450,0.16357138610265554,-0.06012605115944543
CAU_00156,-0.013636946279056312,-0.257616515491537
SYM_03619,0.11941281658640934,-0.23205910195784268
CAU_00028,0.2002958378172719,-0.09646464514870166
SYM_03474,0.25313162369077097,-0.024011211407392572
CAU_00026,0.12204918950188036,-0.019182090786340703
SYM_03870,0.434150894309874,0.2393702790197176
SYM_03696,0.20081999732528164,-0.2383145264522674
SYM_03460,-0.0675489714972477,0.01768221858206009
SYM_03546,0.17361857256229812,-0.1580243582275177
CAU_00015,0.1731161963470704,-0.07466525601478188
SYM_03553,0.07157660311592956,-0.03910364092583017
SYM_03539,0.34196246646163386,0.147422651918052
SYM_03506,0.15693953935198704,0.05023058697153163
SYM_03427,0.2203367067561502,-0.08564882078961322
SYM_03508,0.2308399887948423,0.0020333875231960444
CAU_00066,0.14836496450575198,-0.10578130876051564
SYM_03809,0.27520250667352375,-0.15553629656708987
CAU_00059,0.11519987782494272,-0.0024918195070267185
SYM_03451,0.20281508223946154,0.029869874781632774
SYM_03408,-0.039538414201607294,0.027457522346546977
SYM_03437,0.21580402216936925,0.04328382452707459
SYM_03939,0.43362990138949986,-0.022561830560481208
SYM_03567,0.4229821909568437,-0.008361832344114866
SYM_03929,0.557003774025846,-0.07451076247636497
CAU_00171,0.838439174686871,-0.10427251187557893
SYM_03421,-0.04485354334948755,-0.012626349231503744
SYM_03467,0.06643898321659199,-0.09280626790091992
SYM_03930,0.3173444248057536,0.14945463028674272
SYM_03550,0.15013918256289643,-0.19383441766874315
SYM_03502,0.20511003445711543,-0.1920674969746068
SYM_03863,0.2081244348701434,-0.2676127076687095
SYM_03486,-0.08501735156224845,-0.015155525274419244
SYM_03420,0.1726086284846389,-0.026831108296790696
SYM_03957,0.2905973126750067,-0.08568135375646976
CAU_00304,0.45892664816094214,-0.16631246697569224
SYM_03542,-0.05310127655391876,0.028873193429440374
CAU_00016,0.07106206533493475,0.10739215440544396
SYM_03434,0.0015432885375607159,0.06725336638140479
SYM_03793,0.15603418298339544,0.3735514398497425
SYM_03566,0.3571008181232765,-0.1946793048729141
SYM_04765,0.2914511040618693,-0.1948580126742605
SYM_04214,0.24796168793192783,-0.2525330569148526
SYM_04412,0.35598565929587744,-0.23343414605812518
SYM_03905,0.3126124969849875,0.04805494923965669
SYM_04147,0.2784156499556719,-0.1563245581389541
SYM_03423,0.23454888521880027,-0.10438739214624955
SYM_03472,0.18206791922050639,0.07807751670008127
SYM_03466,0.2375105138613269,-0.0422081905304941
SYM_03544,0.23436536048767445,-0.13680832900198026
SYM_03432,0.16599622789223573,-0.03718503745368325
SYM_03813,0.27952436281436427,-0.3479545202935674
CAU_00013,0.06708988923170828,0.0484520575094132
SYM_03463,-0.046091033674097,-0.00069175073743856
SYM_04377,0.06640899110371876,0.32505134515639406
SYM_03534,0.1434604266237731,0.07257673422332789
SYM_03482,0.14021858541792226,0.026074309599509585
CAU_00138,0.3370260379243345,-0.1357714416196016
SYM_03565,0.31193038872113055,-0.060038435034523704
SYM_03614,-0.08643642763457944,0.03268132771940883
SYM_03416,-0.013203547296131884,0.021306401066245824
SYM_03632,-0.05112060391578688,-0.11630316731925099
SYM_03456,0.01935730895204777,-0.06626573669639087
CAU_00027,-0.0011513833915105496,-0.2674107035985451
SYM_03412,0.12872722914421908,-0.003919277713556576
SYM_03862,0.05081713704680939,-0.16695190788143202
SYM_03717,0.03850410294420811,-0.19066837836822234
SYM_03689,0.2204909967504719,0.1932151475578694
SYM_03428,0.047242247536293774,-0.02090635922095372
SYM_03442,0.05156783136875045,0.00023132034455208237
SYM_03455,0.21964756208266,-0.040279857132146726
CAU_00124,0.0413005883240266,0.1268006129597247
CAU_00324,0.018305162611149214,-0.15058084358606838
SYM_03569,0.1279095477382387,-0.05756369561195728
SYM_04244,0.24465810648357184,0.071198140372722
CAU_00071,0.17132816262568837,-0.04733294647832202
SYM_03778,0.40418640681809337,-0.07351397168147328
SYM_03449,-0.11571179013903572,0.010136588024083777
CAU_00136,0.4305395570331039,-0.3136386349194272
CAU_00092,0.07459059473857046,-0.148081535878712
CAU_00213,0.2044666015791303,-0.08028193273109883
CAU_00100,0.04789671430424458,0.1727372591780791
SYM_03561,-0.07558798039326575,-0.46021287166162794
CAU_00062,0.2683086967745773,-0.13908541105458092
SYM_03934,0.16641968883673863,-0.12001988063754002
CAU_00235,-0.014069869421633324,0.07773825745792515
SYM_03653,0.27312838279542245,-0.17808114188086335
SYM_04376,-0.06520957707019594,-0.5255251829562977
CAU_00143,-0.01380378335088301,-0.1847124526943039
SYM_03636,-0.06052230080802652,-0.46279760528637026
SYM_03601,0.16603947932528834,-0.28185437360051385
SYM_04561,-0.03700674555872005,-0.4693317182541603
SYM_03954,-0.04646436912847109,-0.4733814595096041
SYM_03478,0.04096989896975937,-0.11332156089217747
SYM_04179,-0.02705539393112269,-0.4596749476166158
SYM_04227,-0.06706618116111193,-0.46365186740987474
CAU_00293,-0.0281516407589989,-0.29323493126295325
SYM_03807,-0.10745162068930751,0.20432507040769854
SYM_03414,0.1244097678101852,-0.016436376211538126
SYM_04279,0.17138416944053747,0.3686157003463364
CAU_00148,0.030984174637508542,0.11208075289657576
SYM_03772,0.1109343178224387,0.1920619500527626
SYM_03579,0.08962953035035533,0.11837399489074188
SYM_04964,0.07277859968536583,0.2466971506789266
CAU_00300,0.033861384246166304,0.11433658350198728
CAU_00294,0.05305516890559231,0.11046040434071837
CAU_00261,0.05775663578156613,0.13264068119504901
CAU_00276,0.20314886777237084,-0.09086598906165512
SYM_03439,0.16057294137344444,-0.0105721947192572
SYM_03475,0.15973200157153497,0.06873336636130303
CAU_00275,0.16766601218929725,-0.07133232044480645
SYM_03673,0.020402691368408905,0.101575678143099
SYM_03476,0.16551989286391877,0.09013412793887436
SYM_03927,0.05860857108801177,0.2837416937789149
SYM_03436,-0.14011840701232028,0.022526370823397368
CAU_00232,0.21418371703892194,-0.131860614685796
CAU_00205,0.08324516313519534,0.1816362268722968
SYM_03473,0.23692954647686726,0.026272619105878137
CAU_00198,-0.46837279734225107,0.546652412409818
SYM_04141,-0.22375411257008215,0.44604328048960046
SYM_04915,0.05627409827152133,0.31332610363764846
CAU_00196,0.6905581454335972,0.11414918217882343
SYM_03642,0.4367536790121796,0.04727611480204944
SYM_05053,0.2932317644150772,-0.32567735720593893
CAU_00388,0.3725624205625438,-0.08317342994140324
CAU_00301,0.3315179758316105,-0.254771643998043
CAU_00267,0.3196256454139685,0.029315874368501766
SYM_03487,0.2798529606376851,0.0628874125279395
SYM_03454,0.1796755221714726,-0.06267663534725487
SYM_03728,0.20099669980086285,-0.17458818409204196
CAU_00086,0.07166166704896287,-0.1519418331976516
SYM_04018,0.05733106914337198,-0.4493173338282296
CAU_00127,0.4677408610363762,0.49331861642120295
SYM_04916,0.517988825171481,0.7275745356403519
PRE_02500,-0.3467162041995426,0.022959759528409715
HER_01897,-0.32925611208775907,0.0077365484637880975
HER_01877,-0.3271877634329431,-0.003967461608485695
HER_01866,-0.33395591078018166,0.041661608507568344
HER_01882,-0.28657599763598296,-0.0035419908502277997
HER_01859,-0.2605465004883002,0.02952824079779335
HER_01874,-0.2626433364458838,0.034334428762442804
HER_01871,-0.2875275479581965,0.033141201716373574
HER_01856,-0.3045704060205557,0.05691774937503684
HER_01883,-0.31252959387899987,0.09873391820992235
EFF_01257,-0.36555068535583696,0.03796397281503138
SYM_03458,-0.13891791996069267,-0.016534206998343397
PRE_02558,-0.3169030894019185,0.12471986356380255
HER_02141,-0.2776476334254354,0.4348780797988585
PRE_02479,-0.183578122484651,0.0037848273953195676
HER_02052,-0.4484043891629121,0.06832614455912207
HER_01922,-0.26435368235082546,0.10163328546729286
HER_02305,-0.3240348083689708,-0.25654304830157626
PRE_02943,-0.49034704534681717,0.205372254219878
HER_01863,-0.2660003881449672,0.061658500767463466
HER_01854,-0.28871300782995274,0.020521391058468584
EFF_01333,-0.39204778286676395,0.12979193990715984
HER_01867,-0.31336619486916173,0.05330620281793994
EFF_01313,-0.4530734075500206,0.2394014602870073
HER_01913,-0.2599267267184853,0.11703703191571403
PRE_02505,-0.3416713685732642,0.06613925792427745
HER_01977,-0.25955409991262335,0.1591346911828227
PRE_02615,-0.3254464076694856,0.232749432983521
HER_02199,-0.3393464009783456,0.5362840329830902
HER_01870,-0.2445509529001027,0.010243838276638077
PRE_02482,-0.3074669383690164,-0.07693297749111554
HER_01940,-0.35732167380474744,0.0334142254963411
HER_02107,-0.5587946665973228,-0.25877434725700876
PRE_02504,-0.25299697805853477,0.01390073044838148
PRE_03029,-0.0006202387532589181,0.3237883313704085
HER_02180,0.21736785638327025,0.47892728096681353
EFF_01268,-0.2702902391781526,0.051696947855636756
PRE_02611,-0.41536475028899483,-0.019929594016735063
HER_02101,-0.3798116488091462,-0.09875409816333804
HER_01881,-0.24023969441932463,0.05996394429712834
HER_01858,-0.263348422791192,0.04129675801151349
HER_01891,-0.27837712411731913,-0.0010572057831761132
EFF_01289,-0.3368264985711479,-0.03276762123357143
EFF_01258,-0.32375086746339077,0.03309372352270533
HER_02016,-0.48524841831113497,0.013261264802213025
HER_01937,-0.27383512858191694,-0.010665747901017365
HER_01865,-0.23086942881399733,0.04235186700101403
HER_01861,-0.2566800621319867,0.05508071813388177
HER_01933,-0.22572335009518943,0.03949557802245553
HER_01904,-0.2193107114220357,0.02481313623898691
HER_02034,-0.4813966614446061,-0.01602470730341546
HER_01878,-0.26894150400343897,0.04295697333740246
HER_02244,-0.9597799088364609,-0.6445476516281151
EFF_01402,-0.8259852683895618,-0.4994451471075347
HER_02268,-1.0,-0.6317318932260043
HER_02105,-0.5843910353076888,-0.1275911493827872
HER_02248,-0.9922475407685891,-0.6487113891186548
EFF_01286,-0.3184440139158352,0.04306677034045517
EFF_01284,-0.35526250113751967,-0.02214837307533509
HER_01951,-0.33708035497162603,0.07981997324847577
HER_01886,-0.30312729327888954,0.04164152125998129
EFF_01295,-0.33945366668236915,0.11618866668573385
HER_02031,-0.3898256951029813,0.11029558337292503
HER_01860,-0.27492927601124145,0.05909203515276898
HER_01869,-0.27134960837208744,0.02142010808712339
HER_02042,-0.5115785560279147,-0.03592038736036354
HER_01911,-0.2437223187542276,0.0450288829945581
SYM_04402,-0.4487122687068125,0.02502736812670864
HER_01948,-0.2317125489316559,0.11561816416019133
PRE_02495,-0.22166904262225112,0.053500466942978005
HER_02041,-0.39943899441778863,0.050084900518745236
HER_01857,-0.2818747088111427,0.014536950889429912
HER_01855,-0.2841898532248144,0.026537270697433453
HER_01903,-0.2969603198025059,0.06282016593859784
HER_02047,-0.26264861068846934,0.12328631308747418
PRE_02567,-0.3317563265460866,0.13892504156656627
HER_01907,-0.2599817690360691,0.06307060778851072
HER_02068,-0.2487963126073872,0.13694948498233486
EFF_01271,-0.2658953647995899,0.09857228801221733
EFF_01262,-0.3035322690664696,0.043871114190405375
EFF_01351,-0.43690080676384857,0.016969753325844723
EFF_01435,-0.4106740991232572,0.10283373155913639
HER_01910,-0.3025216103811763,0.07177338468874653
HER_01954,-0.3181743101131343,0.1490856818118284
SYM_04831,-0.3883913207695629,0.15101486499685365
CAU_00023,-0.15383825538312076,0.12958996214005122
SYM_04134,-0.2565854890979552,0.14654489444846175
PRE_02484,-0.3257353374395275,0.05783855969260892
HER_01930,-0.26672906087058784,-0.0050215975875845505
HER_01880,-0.2809608347021877,-0.030921286889975405
HER_01873,-0.283063812335881,0.009417367506074867
HER_01898,-0.2701058441244189,-0.007811676391055738
PRE_02513,-0.2392331587151379,-0.059948014627324915
PRE_02622,-0.38651788467274895,-0.05322921601803388
EFF_01367,-0.33225205981381767,-0.15829501830751289
PRE_02990,-0.2596077645650125,0.17319176758751842
HER_01876,-0.22333502420489976,0.04337138619834639
HER_01912,-0.24363433054430428,0.015703737137930256
HER_01915,-0.23565863946006652,0.041883882547411405
HER_01864,-0.26714343709902655,0.02872102140656638
PRE_02582,-0.3345636459197623,-0.16504020776759412
HER_01978,-0.2555682946768515,-0.028441209080247633
HER_02049,-0.469090986231808,-0.2756616101569075
HER_02002,-0.3824210629227313,-0.33716219026346134
EFF_01346,-0.26632153632390737,0.14449621748825553
HER_01862,-0.263349981987286,0.024861231776633064
EFF_01382,-0.36733234023092126,-0.5986830278909301
HER_01921,-0.34456380374489504,-0.014901128369356993
EFF_01339,-0.46144289973509117,0.12310311829806762
HER_01991,-0.47049948650982426,0.15900572991997927
HER_01872,-0.2560081635765285,0.041787138809637546
SYM_04388,-0.2937657713563456,0.14006678129685135
CAU_00089,0.03529032269557129,-0.06794441423376092
SYM_04495,0.08764820456935654,0.1576466615354886
CAU_00082,-0.009728210861808646,0.16530212747406675
EFF_01378,-0.4256766383794905,0.18078004517337712
EFF_01356,-0.394786497974651,-0.0411826336297197
EFF_01285,-0.37025813316662176,0.12500323838335753
HER_01990,-0.2765411930301636,0.10723603797627046
HER_01919,-0.2853175157689965,0.04064448784010248
EFF_01410,-0.6168209595479999,-0.007986636328960421
SYM_03606,-0.18618268906365817,0.05213567578032625
HER_01986,-0.26567053844692956,0.09598786104645488
SYM_05106,-0.41957111896435834,0.20455522117524677
SYM_04429,-0.49406729724030474,-0.04433889423120001
PRE_02526,-0.4891613302237806,-0.057404842535690365
HER_01868,-0.2785885377039793,0.01708204717498539
HER_01942,-0.5169755743314274,-0.05327343672054179
HER_01893,-0.27517417836738445,-0.01618342166673324
EFF_01366,-0.45759075640780894,-0.07120750734740905
EFF_01454,-0.5033762591417762,0.12347409487480615
HER_01900,-0.2423494128967253,0.016190906626633916
HER_01879,-0.2562364085791606,0.03232471830202867
EFF_01439,-0.5118712850550071,-0.20716459727164666
PRE_02667,-0.3804165279156173,0.2722649743254621
HER_01928,-0.3529712871399869,0.13595983604258113
HER_01997,-0.5144701211048263,0.5150354163113214
HER_02286,-0.49486521123042054,0.523459141469406
PRE_02528,-0.32480085965874583,0.012770309621715617
PRE_02644,-0.3819499449867953,0.14508137905066773
PRE_02481,-0.29925695303976807,0.04900374844538095
HER_01884,-0.27449043540116996,0.02899628657535608
PRE_02535,-0.3621603362339453,0.022321695281862085
EFF_01448,-0.31174136126487534,0.22670498991170387
EFF_01291,-0.3508804238926902,-0.02831541820446535
EFF_01315,-0.3271813475246917,-0.06393679571847181
HER_01965,-0.22488676014131065,0.1419492884593332
EFF_01359,-0.41407717513108677,-0.05310429406979106
PRE_03003,-0.27271212903657543,0.16486035825504042
HER_02060,-0.20665555340693678,0.19532324210098848
HER_01971,-0.42211578629713536,0.1485599303618259
PRE_02533,-0.32357750289192944,0.1731474884087953
PRE_02493,-0.30987632215345895,0.07022187582335535
PRE_02492,-0.32404024032849366,0.06395825839509729
PRE_02509,-0.29924252849938815,0.15834713145311
EFF_01397,-0.32798633447086883,0.1739096017091515
PRE_02591,-0.4396219345249947,0.2425352519197843
HER_02272,-0.5023139218186108,0.3298275058465963
HER_01895,-0.34286942654109054,0.042142453786359085
HER_01963,-0.2822634389225379,0.04470729931950028
EFF_01267,-0.31765422658747294,0.08398142534048483
CAU_00181,-0.2012788554831832,0.44759277006862463
SYM_03647,-0.1521775684811076,0.1738191059936999
HER_01901,-0.34379471279993207,0.11048818501063676
EFF_01337,-0.3181040291479585,0.20572740878469625
EFF_01357,-0.3757328474812621,0.27662374949851437
HER_02223,-0.3081365663904373,0.34392917247229116
HER_02104,-0.34362531953739184,0.23360256735811147
HER_02064,-0.18718835380088567,0.19748813420308667
EFF_01377,-0.3505006191131731,-0.09858106043473883
PRE_02887,-0.48132923290511787,-0.08949395536564692
HER_01995,-0.3079270063646241,-0.0995761234628764
HER_02000,-0.6247586315402962,-0.0974897094882939
HER_02074,-0.4261621552633312,-0.4372511576537333
PRE_02516,-0.2779656330094871,0.08292095650124981
EFF_01266,-0.3448701742795515,0.0624897171528871
SYM_04507,-0.5161201378501727,-0.02132157329491364
EFF_01255,-0.32849573137404287,0.04784963993603205
EFF_01254,-0.3152037069180677,0.050691079066603736
EFF_01363,-0.4197046829933896,-0.01927379878616907
PRE_02676,-0.3979715280635836,-0.11306544209923435
EFF_01391,-0.3357897490017019,-0.08930180073671021
PRE_02606,-0.2884968113875555,0.11973886987770023
HER_01887,-0.23078723433019124,-0.012329693826276031
HER_02019,-0.27764618486580084,0.17754613650201997
HER_01916,-0.23325408653961047,0.04328798302512068
HER_02083,-0.3785702852297064,0.1771004319895902
HER_01987,-0.2579769628696462,-0.014670701505742992
HER_01931,-0.28574631093093233,0.07508432867203375
SYM_03444,-0.1877563271168168,0.0701669125083016
EFF_01253,-0.35108903895674365,0.047777995339378244
HER_01952,-0.37132991603613275,-0.08213355355737888
HER_01980,-0.33590808866354993,0.15552173513206682
CAU_00012,0.14626853980804677,0.0506112524872283
SYM_04079,-0.19663642307539958,0.15908741902771473
PRE_02491,-0.2884524540910296,0.10168945000657202
HER_02070,-0.430100069710305,0.13327376672102165
HER_01946,-0.2925496498581831,-0.01975338368364043
HER_01894,-0.2451082780863735,0.022550919158373508
HER_01939,-0.24706285303451472,0.007978917616569967
EFF_01264,-0.36143382606496177,0.04804461779609493
EFF_01280,-0.35163525040882043,0.059596967678061594
HER_02115,-0.22027526476363748,0.11061154445605532
HER_02096,-0.22964850691499822,0.12497879729794026
HER_01875,-0.3169503439086573,-0.0174466554700789
HER_01975,-0.21755676696354362,0.011000966911972606
HER_01932,-0.19729496419889353,0.05030420206538829
HER_01927,-0.24808124647663318,0.05174411384188806
HER_02095,-0.3840054402228141,0.2350363515875032
HER_01989,-0.23213868192749929,0.06761566837642863
HER_02026,-0.3690498834577125,0.1579924027704271
EFF_01279,-0.305442754792465,-0.01232052006562689
HER_02235,-0.45535914666475774,0.18545139023095542
HER_02036,-0.39773186102821084,0.0019413103487386511
HER_02069,-0.48105265297334765,0.11511549266145459
HER_02139,-0.40121505767971255,0.05583383320635036
HER_02003,-0.3692597941889679,0.15203629321617493
HER_02205,-0.6191522009810106,0.108318456050501
SYM_03692,-0.42407686502990877,0.05377899722460798
EFF_01259,-0.3243538389008394,0.06939415558522026
HER_01970,-0.2862452869355711,0.12215598419830216
HER_02121,-0.502197232503487,0.11462036764514043
EFF_01335,-0.36447072690920446,0.09229429550791951
PRE_02483,-0.38243094676729794,0.0342927404202564
HER_02010,-0.45903709959401584,-0.017797995114344024
HER_01920,-0.26471606397537706,0.004779786365685377
PRE_02656,-0.4147145567191321,0.1934006803635032
PRE_02502,-0.30433854217181144,0.1083793739451122
HER_02117,-0.29027571715575456,0.393833086295791
PRE_02550,-0.3385486443236474,-0.04148250854535973
EFF_01256,-0.36384906461279554,0.05659592308813688
HER_01984,-0.49643738867863246,0.03564197144985404
HER_02029,-0.4958514479897751,0.20262645987063488
PRE_02563,-0.3512215400034924,-0.013936419949512346
HER_01902,-0.30089415609697034,0.004578969093752958
EFF_01322,-0.3679086050899537,0.0831310875859533
EFF_01265,-0.2946165440376392,0.08238976789643443
HER_01925,-0.3005003489509598,0.062350938339965925
HER_02138,-0.6120571908968795,0.04871275671665886
HER_01944,-0.3263976808527352,0.07337047952067975
EFF_01314,-0.3281426039388313,0.1863866890963503
HER_02124,-0.41152058585346535,0.45303138989821967
PRE_02553,-0.48229624192634407,-0.0068933466998921744
HER_01909,-0.2650258122097381,0.03978655361834493
HER_01918,-0.23007687385677572,0.011131520460157775
HER_01968,-0.21949159430387524,0.031478086719613746
PRE_02486,-0.1617901664283235,-0.02488116654628497
HER_01935,-0.21958557494975148,-0.045672503372693254
PRE_02663,-0.3514919993726065,-0.038494567488765674
PRE_02480,-0.2994685207051157,0.014706479785782331
HER_02050,-0.4938984301886874,-0.2493168784045176
HER_01889,-0.25129531706720937,0.060145807337237664
PRE_02694,-0.28124559994616544,-0.5484236517654019
HER_02168,-0.2439404395200658,-0.7992280834956264
HER_01941,-0.2769400087854143,-0.1136598082809456
HER_02220,-0.29548785348437706,-0.8159109493872254
EFF_01304,-0.4505040464667244,0.024004411112205037
PRE_02577,-0.4094555923259898,-0.1386968577706625
HER_02196,-0.6062357281236785,-0.3362165328622782
EFF_01321,-0.3566100016301837,-0.00605296640809652
EFF_01393,-0.34377097184970534,0.22806853421540238
HER_01967,-0.31923828034362367,0.10213561919083654
HER_02114,-0.5723491317202695,0.020780273152751248
HER_02079,-0.26430969961116835,-0.09647524957340839
PRE_02617,-0.41349273859514,0.08510418156518822
EFF_01269,-0.25733189473763923,0.0466785305112124
PRE_02574,-0.3022587961553587,-0.06470911823789657
HER_01917,-0.36505794696542815,0.016244860682264307
HER_02222,-0.5241657172018743,-0.2777146780317977
HER_02039,-0.3738290590676701,-0.10330264016407704
SYM_03583,-0.24969445914839014,-0.018761193870293718
SYM_04312,-0.2198707306555591,0.10009888330155883
HER_01950,-0.3322315466551738,-0.10574202537101828
CAU_00308,-0.4414573986915094,-0.08952344955272956
HER_02233,-0.4688664469624235,0.02971027092784844
EFF_01336,-0.3422072864394863,0.03195852462036885
HER_02009,-0.25359398045486287,-0.00904985045836843
EFF_01272,-0.29353889562591745,0.030919830683344255
HER_01899,-0.24389498308837332,0.0063698788958046456
HER_01979,-0.2295169518121451,-0.0388831026992602
HER_01934,-0.33926874132081114,0.17429732570323145
HER_01914,-0.29499238944432826,0.01955952375036122
PRE_02704,-0.29388944275453543,-0.08043889522904771
HER_01905,-0.2915045191628639,0.0005996650975216107
PRE_02634,-0.3046592279173138,0.1763858040253783
SYM_04641,-0.4337898029135356,-0.0024102601061548883
EFF_01293,-0.30320504978495794,-0.043446222194200426
EFF_01416,-0.5005389804651184,-0.24269692814965566
CAU_00339,-0.22926566781699773,-0.2517881443826186
EFF_01349,-0.3457487734444937,-0.0822816476018085
HER_02110,-0.2618972390855543,0.17637942219194025
EFF_01325,-0.3184963370580228,-0.06577930661517555
EFF_01445,-0.41420233201225537,0.3057854719995453
HER_02012,-0.20420096075532923,-0.08459697601664048
SYM_05087,-0.34971323469804266,-0.048865194831457244
PRE_02899,-0.563311174946865,-0.08742756082750669
EFF_01260,-0.34618571059117514,0.012322512821084127
EFF_01355,-0.4130358911553024,-6.669683741879312e-05
PRE_02538,-0.21451187621748616,0.05780120822126191
PRE_02522,-0.3279816346410084,0.022022409413972547
HER_01960,-0.20994916173843886,0.027549680591343956
HER_01923,-0.38170755141772544,-0.02359973958402275
EFF_01345,-0.3394608844914402,0.047844253710252964
PRE_02517,-0.2524960035465175,0.022596312175374618
HER_01953,-0.24293645863425814,0.015284290443381228
HER_01890,-0.2529415360411283,-0.05470910982326573
HER_01929,-0.28400311427232333,0.10760800930412978
EFF_01320,-0.1948782713477899,0.08788944962448976
PRE_02507,-0.3033205633274727,0.06888646792621013
HER_02014,-0.34553511454294117,0.21148752067954354
HER_01981,-0.13148236868933458,0.11994528472144983
EFF_01338,-0.2510626156728473,0.14285273782987631
CAU_00228,-0.2579323507607535,0.3396538482806497
SYM_04372,-0.33971156509793715,0.013175578912597227
HER_01972,-0.4789340747463219,-0.026978086903656256
HER_02037,-0.17665147697766592,0.06839381039817281
PRE_02549,-0.20476554177991987,0.1997057802367079
HER_02131,-0.15129643198473175,0.44080368835342126
HER_01906,-0.16949400518786256,0.019291787470594086
HER_01947,-0.267718176179554,0.0020927833106471573
PRE_02485,-0.3277849795688806,0.01887581184932008
PRE_02982,-0.41265003170834935,-0.26116585487316035
PRE_02595,-0.3569064544646893,0.153990480358743
PRE_02587,-0.44390900706513997,-0.0034993556107822308
HER_01983,-0.285707994458789,0.06739663796074725
PRE_02494,-0.4025978935009889,0.05221761526396292
EFF_01297,-0.27109231998772615,0.18303953435180775
EFF_01282,-0.3414592524687238,0.009938765763288648
HER_02142,-0.5707519138824784,-0.05777660259282654
PRE_02541,-0.31558335945393795,-0.037342642965803335
HER_01896,-0.25301184843879293,0.03457714168394565
HER_02175,-0.5377841447391659,0.06003235726972301
HER_01943,-0.3279512822608716,-0.05892717638745826
PRE_02576,-0.3955499644934162,0.3389452497913011
PRE_02559,-0.4089293117659121,-0.1679423727175467
SYM_03652,-0.07370706118653755,-0.05062977905893135
PRE_02573,-0.46122879410633755,-0.26594910809340366
EFF_01403,-0.5788013301332662,-0.13559223206069473
HER_02125,-0.5400285392707578,-0.27029349663661945
HER_02032,-0.4617854166517502,-0.034059554425133406
HER_02073,-0.44512442434533533,0.016328958380359623
PRE_02733,-0.4834181661979801,-0.23452408033329525
HER_02202,-0.5479588423632784,-0.26324100655390087
HER_02229,-0.47396959377241554,-0.3021716805213194
PRE_02999,-0.41274718680778416,0.13409817861642004
HER_01959,-0.23802037460716732,0.032805528194401364
HER_02027,-0.17223371341911653,0.07544199787633055
HER_02030,-0.24115708333926245,0.10637621723600961
EFF_01317,-0.3168640808001193,0.15116862800315625
HER_01996,-0.4256011254565348,0.07588753659594141
SYM_04897,-0.47474613408062233,0.08127423098264287
HER_02023,-0.3049546431648525,0.15104446143751143
PRE_02529,-0.2997053273191247,0.06987326141589596
PRE_02524,-0.29002525535518825,-0.07452620782594556
PRE_02571,-0.35387937150695853,-0.06221187600503624
PRE_02488,-0.3771211614680036,0.05458904383420348
PRE_03020,-0.44852775062719674,0.19493643022276272
PRE_02712,-0.45004538544906425,0.26276763921234036
HER_01958,-0.2300851696194031,0.01657265776075401
HER_02007,-0.42021943977102183,0.19428508224331445
HER_02301,-0.3547544912078254,0.45573340689091996
HER_01998,-0.22105002223664383,0.09256437394851023
PRE_02774,-0.25562083368721605,-0.09530018457868254
SYM_03635,-0.28952268986896496,0.07537826943245754
EFF_01263,-0.2455579948551794,0.0681008163606425
PRE_02779,-0.36720053711805756,-0.08151178158865603
SYM_03492,-0.08734214103658415,0.045682554714710694
PRE_02673,-0.3696982207577356,0.23066516500789724
HER_02130,-0.4803590594290478,0.2949613514431453
HER_02176,-0.50413336405805,0.4859116142955143
PRE_02666,-0.21513887178364338,0.02020126456298502
PRE_02980,-0.09909698710371351,0.22335849682720055
EFF_01261,-0.3551651450285991,0.03544249187037692
PRE_02637,-0.49661606390988666,0.029493735633769717
PRE_02717,-0.5543330889710721,-0.09159629032185146
HER_02093,-0.3452724794715293,-0.02272194243900002
HER_01964,-0.29895930405563587,0.02281353933736944
HER_01926,-0.22619881615443374,0.05204783094937146
HER_01885,-0.25901749312745853,0.04864490912609008
HER_01992,-0.27070994090880146,0.08455411074391679
HER_01892,-0.2759840709385025,0.08416736926126629
SYM_04343,-0.32569384958977987,-0.009155677163068273
SYM_03825,-0.26521271741553265,-0.034095238892773126
EFF_01352,-0.30343030628040646,-0.026675209585431108
HER_01961,-0.23017670868529946,0.07415333937289757
EFF_01310,-0.2633788521360429,-0.015244342859238511
EFF_01353,-0.3673280724829579,0.06003894138470531
PRE_02511,-0.25675360241450484,0.02067810930233534
HER_02056,-0.34666542399468314,0.11438908290438277
EFF_01274,-0.32050185638524836,0.06129834772156934
PRE_02613,-0.3573626723203389,0.01043923330680702
HER_02088,-0.4429567668628125,0.03182191636135673
HER_02021,-0.24102553458266887,-0.06902544871125316
PRE_02545,-0.24306236098102993,0.11619014102355052
HER_01955,-0.2324539761533816,0.07334784178390757
PRE_02508,-0.22160949197176819,0.07554405297125602
HER_02135,-0.22909496224274548,0.18990878565506572
PRE_02510,-0.3099329094649112,0.0041370913979063605
PRE_02554,-0.3481499411904834,0.11181036715860937
EFF_01331,-0.2343765945053211,-0.009414130491608321
HER_02116,-0.24473491312373286,0.25996244938724494
EFF_01387,-0.4308478922769561,0.15387186123511234
EFF_01340,-0.45029548127119257,0.12262387467616835
HER_02075,-0.25733426608329035,0.09690705364122885
HER_02097,-0.24586861930290246,-0.06827044665890587
PRE_02579,-0.42229710733939213,0.2777376457198672
EFF_01459,-0.21709037003591217,-0.04607114554525978
SYM_04497,-0.20831470337061062,-0.026499763715937805
SYM_05088,-0.20961628387477496,-0.034160475011577235
PRE_02632,-0.20769264425354447,0.13093518335690107
EFF_01342,-0.25350799209130154,-0.04254708520355077
HER_02044,-0.26939978515111795,-0.04422632682341275
PRE_02763,-0.2728032689945317,-0.10352501162358695
EFF_01421,-0.31744097365889495,-0.09162920561818082
EFF_01270,-0.3037445467933236,0.03187604027974885
SYM_03738,-0.3111643277329383,-0.05705812884060955
HER_02024,-0.2880501466225142,-0.03744652275689327
HER_01969,-0.28344003720227934,0.014240253173165596
PRE_02888,-0.5950624386149929,-0.013861113987709202
EFF_01341,-0.2956461406398914,0.09636287034889608
EFF_01275,-0.3455780704252984,0.0054715125202214445
HER_02055,-0.23683178941246666,-0.052593302938192955
SYM_03582,-0.10834897471235652,0.022055078823944623
HER_02035,-0.22798193585340096,0.18462967978648215
PRE_02741,-0.3509686928641468,0.35303162168585606
HER_02159,-0.6417830174528254,0.1671857406504337
EFF_01283,-0.38940599075692073,0.0026935495518285776
EFF_01278,-0.34900350549666936,0.09723023191646267
HER_02263,-0.4151724624750143,0.13094678291508485
EFF_01305,-0.3400609105581725,0.05616197459017406
HER_02059,-0.1983724898022538,0.0762822783027952
HER_01982,-0.29214924855344715,0.1147767815656551
HER_02184,-0.62166288346591,0.11583103511571392
SYM_04039,-0.3869077413757409,-0.005952308803945865
PRE_02626,-0.3823242684073565,0.1098859515699268
EFF_01327,-0.49731685722233043,-0.042958738266196464
HER_02046,-0.558137247683801,-0.13063770733997454
EFF_01348,-0.35116046572328136,0.002099980424099503
EFF_01392,-0.4602649487652645,0.044174255187117345
SYM_04324,-0.2296607805866933,0.05866217701502084
HER_02102,-0.2793826969942092,-0.19087528846241453
PRE_02636,-0.4321596802953323,-0.07015441363615715
HER_02066,-0.5060422739711188,-0.028839831684702184
HER_01976,-0.2711252700395812,-0.13615030017521068
HER_01973,-0.24099036409435845,0.021821309114275888
SYM_03577,-0.1548411959562544,0.04568210205447712
SYM_04436,-0.29965647074685897,0.14624010029652978
EFF_01324,-0.32788017810083875,0.0470616840784511
PRE_02796,-0.28746701490870213,-0.061907550657146135
PRE_02562,-0.35887825388306355,0.007653422709815313
PRE_02489,-0.2726115651070374,0.05253739012617156
HER_02065,-0.37690005131356447,-0.013073297977481068
SYM_03545,-0.030190336617886924,-0.04371157724492802
CAU_00024,0.06850035528128133,-0.04775409354881836
HER_02078,-0.4706155818754876,0.05447699099743156
HER_02147,-0.563951070067931,0.09068557637424851
HER_02061,-0.444520802901168,0.05985665299683786
HER_01936,-0.673812852787636,0.028276804081707203
EFF_01307,-0.42359174412474665,0.02192635339858604
EFF_01424,-0.37773747651549316,-0.07515987815699077
PRE_02602,-0.35187710790627763,0.051219674343941014
PRE_02565,-0.35503291253636343,-0.13437191057539566
HER_02017,-0.49526659461996153,0.09854747430651165
HER_02227,-0.5893048205610966,0.009958658685892763
PRE_02572,-0.32424003710961596,0.12373633052001588
HER_01924,-0.2854060997217623,0.10791941626542288
HER_01888,-0.3450835429445995,0.05613667145561147
HER_01994,-0.3162050353156798,0.16773307930228853
EFF_01323,-0.45181054330381065,0.13648796789387616
HER_01945,-0.2919458369082716,0.029396965208563847
HER_02015,-0.23543083568847095,0.11807093951539473
EFF_01406,-0.3594877254109137,0.16711833470664145
EFF_01326,-0.37225134248529884,-0.03640610608584341
HER_01908,-0.37695443666331513,-0.10544011135737826
CAU_00296,0.041932571087021246,0.28353872576024136
HER_02004,-0.432067230916847,-0.03260401751481752
HER_02082,-0.5729026091156294,-0.012514187596772473
EFF_01292,-0.3305267815570857,-0.00443364907766272
EFF_01426,-0.53695123720729,0.2726762878750853
EFF_01316,-0.422692305923357,0.17663419427749644
EFF_01347,-0.3758338873095775,0.21437485383691188
PRE_02519,-0.3207150910933123,0.017150009563536153
PRE_02490,-0.44721030228543673,0.07414136776209396
PRE_02696,-0.6092813374705238,0.004784104026516983
PRE_02922,-0.32846582477260056,-0.2105255683869146
PRE_02639,-0.4226685140190827,-0.3058683208581678
PRE_02515,-0.43758979460014463,-0.11779087753853067
PRE_02520,-0.23448717768974345,-0.09648978041900912
CAU_00021,0.20854145045835237,-0.0019463961193697864
SYM_03497,-0.002215186183924121,-0.0147278582542084
PRE_02745,-0.16476004013037102,0.14502341707683297
PRE_02665,-0.3209493232540697,0.15641152657692284
HER_02150,-0.3470479440321115,0.34199929261468776
EFF_01365,-0.3117185069558192,0.0960728438824924
EFF_01301,-0.34488927328164887,0.06581186806954009
EFF_01328,-0.4125339675963711,-0.13509015878355424
HER_02127,-0.3319112351872462,0.141430674182504
HER_02270,-0.3655227311393859,0.11812973573688913
HER_02094,-0.37565934254592015,0.025600718850861338
PRE_02856,-0.43887283558337337,0.10109076937673457
HER_02081,-0.6198163858307711,0.13055694149116034
EFF_01311,-0.24921352680448705,-0.025027492774937595
SYM_03536,-0.053902190663925556,0.13074774251524454
PRE_02690,-0.4076952080705139,-0.027559231852190155
PRE_02732,-0.42850327136996097,0.038757007940391004
EFF_01299,-0.3390164732051667,0.10531420382167081
EFF_01273,-0.4003016692534296,0.011495137963594106
HER_02038,-0.4503620373144339,0.08516048474234932
EFF_01303,-0.3736036077009423,0.04974777307881828
HER_02018,-0.1882414664641772,0.015308700885927416
HER_02200,-0.3319594321653484,-0.14585783787614584
EFF_01453,-0.42283315335273486,-0.05492021724251589
HER_02197,-0.6691849748782436,-0.11858543263255561
HER_01988,-0.27310077810499284,0.2047547628072873
EFF_01372,-0.23941535637274883,0.14526898709068867
SYM_05105,-0.28716867427212217,0.15846878877145362
HER_01985,-0.6954499610473994,0.3264546133200985
PRE_02501,-0.4282864485665527,0.0014416970113766481
HER_02195,-0.7290783416077066,-0.02319019921434194
SYM_03557,-0.18306097329950874,0.03283731904667047
HER_01962,-0.4516347823765221,0.08488826228327216
HER_02063,-0.5438459721365838,0.0889898552214688
EFF_01276,-0.37152361397968725,0.07746329380643752
HER_02119,-0.639254876369837,0.15529883175251785
PRE_02586,-0.4412666890024934,-0.0668557741369765
EFF_01308,-0.32692311176916594,-0.011969282346239927
PRE_02680,-0.4235980999528958,0.13913730337554156
HER_01974,-0.2436404380088069,-0.15166059718513644
HER_02011,-0.29033359160112066,0.15029058675679655
HER_02192,-0.5550075341430566,0.12745827482257216
HER_01938,-0.30074488621063555,0.07921809226109318
HER_02025,-0.4942073067298228,0.049650050302354566
PRE_02544,-0.26091908721243257,0.032874986282192806
PRE_02498,-0.28695802583485935,0.011127685680843807
HER_01999,-0.45858246800876795,0.02768217384535642
HER_02051,-0.5655549440059102,0.014952066672798137
EFF_01373,-0.23383358136880986,0.09534735273342998
HER_02058,-0.5094532856785783,0.09036348872562247
HER_02045,-0.24204448790848768,-0.02787707895304118
HER_02022,-0.3271974738360378,-0.1282334519364313
EFF_01452,-0.5084362352924772,-0.12906722533835244
SYM_04228,-0.3676755183947597,-0.03253266869498988
PRE_02616,-0.4588765092490635,-0.010276005225721634
PRE_02646,-0.46840312746373614,0.04168719036895389
PRE_02503,-0.2998811483006946,0.09124802667863281
EFF_01287,-0.35911977499335446,0.12364219338090593
HER_02242,-0.6450971364209512,-0.06066129662683026
SYM_04090,-0.10306164119802545,0.039288203624174664
HER_02087,-0.28565192299206005,-0.07217197777813332
PRE_02531,-0.38901320514576165,0.10047114266952237
PRE_02718,-0.46846454695319556,0.02062157607585318
HER_02033,-0.32183547708139293,-0.04049131194435673
HER_02172,-0.6536837843812543,0.03215018134661566
PRE_02556,-0.3305645028345347,0.12506278248097086
PRE_02539,-0.29545777842461174,-0.06306910764183705
EFF_01302,-0.26336269550943886,-0.0816887929606085
HER_02084,-0.5291379739138335,0.16630447730894124
HER_02128,-0.5950120225571173,0.3496063438295661
HER_02161,-0.5468881082688702,0.13008256947870525
HER_02122,-0.6523868156823894,0.08365581589047963
EFF_01318,-0.3813128637236224,0.07201484698043024
HER_01957,-0.41578401923480357,0.27942885089138597
SYM_03470,-0.15798894645045933,0.012748699158718237
PRE_02593,-0.7279799062627926,0.5982525783287591
PRE_02645,-0.5063727188114766,0.10282078054440472
PRE_02487,-0.3171875675651324,-0.00968885548477254
EFF_01312,-0.24707537173425181,0.12982674962142302
CAU_00008,-0.041465765519834566,0.09362677587941795
HER_02008,-0.34437382376672787,0.12548686881297083
HER_01993,-0.2708182085861476,-0.07592551806669012
HER_02112,-0.538687837508406,0.20706773060608177
PRE_02652,-0.3633511157875083,0.08259615715906908
CAU_00097,-0.07535926952260384,0.2765272754137356
HER_02109,-0.2488699681394938,0.0908190326201578
HER_02191,-0.49407092526684737,-0.29774037974913675
PRE_02521,-0.37134210913806015,0.022561600325934465
PRE_02581,-0.43804777496350844,0.36546054653085736
HER_02062,-0.2545777955649742,0.131902065397376
EFF_01436,-0.38159241405796757,0.013589501374303096
PRE_02499,-0.2458626478664132,0.10249304615100262
HER_02080,-0.6234502796289789,-0.1723544141155657
CAU_00258,-0.15325881028194965,-0.2255075097949756
PRE_02802,-0.395926951441383,0.17636281711036536
EFF_01296,-0.43156319717160124,-0.014877619153665093
PRE_02709,-0.3904531123622129,0.11627637511978996
PRE_02605,-0.3762115391096945,0.1838401592912628
PRE_02496,-0.5151800967831229,-0.1436098112839139
EFF_01281,-0.3065622971193434,0.09651971166839637
HER_02140,-0.2215625269093441,0.2547555912284979
EFF_01358,-0.4775583842039921,0.1151961563498174
EFF_01306,-0.39586323649837435,-0.052991484400174635
PRE_02947,-0.023789905478256976,0.27850680058173494
SYM_04491,-0.3800912369259422,-0.09926048946699842
PRE_02785,-0.38062503586026475,-0.08449160339174613
HER_02173,-0.652442937859114,-0.03944013671542568
HER_02040,-0.42788242687156824,0.09550284124821527
HER_01956,-0.47954789569517076,0.17515461194337037
HER_01949,-0.4441643305050394,0.14544763288425577
PRE_02514,-0.24399436785364625,-0.05594904602353221
PRE_02543,-0.32081700427156945,0.09250718008286901
HER_02001,-0.4915382523605121,-0.16827894181744585
PRE_02601,-0.20178524818405708,0.10776397240299927
HER_02179,-0.558732358048731,0.04811875788714099
HER_02086,-0.5623278337211178,0.11344288553258651
HER_02186,-0.6640610005202785,0.041322439833398575
HER_02071,-0.18014847527884892,-0.015406107646848157
HER_02152,-0.6358691251276166,0.1926780717783502
PRE_02771,-0.29968947390970113,0.1792746442432634
PRE_02715,-0.5804697252874513,0.1184451975570678
HER_02053,-0.1469368782009299,0.160905671016203
PRE_02668,-0.3320060586396859,0.33657349355430966
PRE_02518,-0.22144631068085144,0.005820042308247048
EFF_01425,-0.5148714283276055,-0.22558680785443724
EFF_01329,-0.34547921919625424,-0.034335675185228884
HER_02005,-0.2048792164912698,-0.02060044368565963
PRE_02506,-0.5179894864581087,-0.3420508004168734
PRE_02661,-0.30987347824460093,0.09381241729604939
HER_01966,-0.32520851565952674,-0.11333305339020881
EFF_01334,-0.4562081568667594,0.08110724439301033
PRE_02540,-0.4501089238147548,-0.17180208575327474
PRE_02552,-0.3997978640511384,0.0266508025124999
PRE_02497,-0.2689226847593811,0.00833367769262674
EFF_01389,-0.34481300558618977,0.2228833127205245
HER_02137,-0.44975075428695155,0.035897400558053835
EFF_01319,-0.5008775675342488,0.0043218256347804405
PRE_02547,-0.333483353195334,-0.0678081449424599
PRE_02805,-0.486532743735359,-0.10980391864107632
PRE_02530,-0.36089767773889597,0.25112640999702507
PRE_02628,-0.38084739280397006,0.24857973840500788
PRE_02555,-0.46771812411084923,-0.21798406823601213
HER_02020,-0.4004743514385098,-0.13717229685259738
HER_02077,-0.5355316923676233,-0.15371757477193224
SYM_03921,-0.44320266536429503,-0.24243678445995528
PRE_02653,-0.38672578063265434,-0.1905346984489913
PRE_02512,-0.3799986387457981,0.1586362483669903
EFF_01385,-0.6117103834506108,-0.014645275783381293
HER_02171,-0.6759675924752782,-0.02154346767161811
EFF_01343,-0.45151987315117104,0.04334330535239323
EFF_01376,-0.4007215558910948,0.07182103444071905
EFF_01300,-0.17273394217017296,0.040682071408073665
EFF_01332,-0.35133230430236256,0.14636541050023782
PRE_02640,-0.35716519620838516,0.16453349666971748
PRE_02988,-0.38604195047526807,0.004697975300289489
PRE_02658,-0.4277694387088589,0.02847685808849838
EFF_01361,-0.42829804980230834,0.07641692069754147
HER_02157,-0.6836423062231285,-0.008997309980460118
HER_02113,-0.6047675344671504,-0.028542820645515228
HER_02108,-0.6718175216936818,0.021524681632444517
EFF_01309,-0.38440744424086815,0.020146446790316536
HER_02236,-0.6046438597361288,-0.17790354894995755
PRE_02873,-0.6455952472732442,0.204392551581087
HER_02043,-0.6229490887000383,0.056348915584067766
HER_02103,-0.5337238366914357,0.05480481763108454
PRE_02619,-0.4309183370838978,0.03324268836117
HER_02237,-0.5764560714625288,0.17914216994767176
PRE_02672,-0.43746973576069564,0.059263067845619584
SYM_03682,-0.19012482797056232,-0.13238016487133691
HER_02120,-0.39338025363211454,-0.3965769404788772
EFF_01396,-0.38507741744621615,-0.16237236752988418
PRE_02740,-0.46970619579717565,-0.04950669295473086
EFF_01449,-0.5314843138804123,-0.1457904647521206
HER_02118,-0.5337717066986515,0.06815393865470068
PRE_02701,-0.40649758294294747,-0.08913878665826303
EFF_01395,-0.48930362271231365,0.10237467803742217
EFF_01374,-0.3256032758988588,0.15107396350774815
HER_02155,-0.6723818209555924,-0.15359058482782184
PRE_02931,-0.4028465736611981,0.16096041465074892
HER_02209,-0.5913536270313253,0.22016638785270207
PRE_02956,-0.29765073079438087,-0.11804377560437629
SYM_03501,-0.12670215225249856,-0.032053649059139905
HER_02067,-0.20011857535502808,-0.053176587095590436
SYM_03864,-0.11425913186384251,-0.0954476066020536
PRE_02583,-0.4359536280079995,0.26280629522654136
HER_02167,-0.5333103522266114,0.42733457188771407
HER_02048,-0.5893778162529179,0.2808501029950173
PRE_02534,-0.43903605214119773,0.23839028655988337
PRE_02814,-0.3018689221493454,0.05254009801355837
EFF_01330,-0.26135892934615845,0.07688036607454213
HER_02091,-0.31205137607523914,-0.03613164089165923
PRE_02542,-0.2581844393652107,-0.03079468263282211
HER_02151,-0.25663895092810723,-0.13273696938280308
SYM_04596,-0.2663695913711979,-0.04202664403079475
EFF_01414,-0.2577043574308685,-0.04190179480436513
HER_02188,-0.04001094838966588,0.2445737123805445
HER_02208,-0.7184027530127429,-0.05594186855549535
HER_02207,-0.7190836209409416,-0.08022002295670477
PRE_02568,-0.4268708328658727,0.04432124108434437
HER_02076,-0.6058909306384358,0.35179212547489325
PRE_02523,-0.5731023687569388,0.3413591438017609
HER_02181,-0.2110402879703111,0.23912304829489336
PRE_02850,-0.4365999453084907,0.2105807205495098
HER_02090,-0.24390288192271584,0.1951448902843128
PRE_03017,-0.5092225161573972,0.3889976937601109
PRE_02584,-0.4653174234673742,0.2567862422991821
PRE_02629,-0.5326646678981591,0.36799494136644134
PRE_02714,-0.9003620668983213,0.497887373264788
PRE_02655,-0.8679848429681172,0.4477634516568826
EFF_01418,-0.19177162306223663,0.06565879304448079
PRE_02685,-0.9316749184181087,0.11740332666798899
PRE_03002,-0.9306793873755849,-0.005916692239307329
PRE_02936,-0.9185157057622296,0.034531307136143656
PRE_02546,-0.8139171815620604,-0.14472742121937535
HER_02098,-0.5506127247402568,-0.13002046603859388
HER_02166,-0.20457116580249482,-0.09642744572634435
SYM_03517,-0.12087487629980488,-0.015549622468513937
HER_02246,-0.3461390283252121,-0.17736799369727835
PRE_02725,-0.5265918634506069,0.5351590960388506
PRE_02702,-0.5448291975420185,0.5275333576893279
CAU_00125,-0.12005604610470924,0.31150467754972183
SYM_03731,-0.10264388345807221,-0.07517541097900461
HER_02106,-0.21021115482048827,0.17695864266965106
SYM_03704,-0.028998507580751447,0.0459198656016047
HER_02129,-0.11474907973086781,0.26343589477351465
EFF_01294,-0.34877414254115113,0.01675166769047184
HER_02148,-0.4158107236060095,0.09315029615910274
PRE_02610,-0.5132707785353612,0.04919664882832633
EFF_01277,-0.4127954540320184,-0.08005173961306533
EFF_01364,-0.2741745803072802,0.12672119957173897
PRE_02594,-0.2157603145559682,0.08559152035307316
EFF_01350,-0.42859729028053006,-0.07878341437768922
EFF_01370,-0.438811620069473,0.1133029776419012
EFF_01384,-0.3082359111813335,0.3170814115484954
HER_02092,-0.629721560512422,0.33363442118860426
HER_02206,-0.6327078569067487,0.31891713402177146
HER_02254,-0.6560198372523917,0.2612950912372284
HER_02294,-0.6771639476910787,-0.14863384644920205
HER_02132,-0.4521338523193676,-0.11997680774496029
HER_02100,-0.49198791945116277,-0.023620356022828897
EFF_01430,-0.4059053563273278,-0.0627749973387431
SYM_05037,-0.3180063709124756,-0.09991211070968886
EFF_01360,-0.5992313847687336,0.05385979231172026
PRE_02592,-0.6017898677747903,-0.004703081880710387
HER_02054,-0.6371395323403287,-0.27478809121310455
PRE_02924,-0.42656443316349474,0.007236663755456709
PRE_02894,-0.529509141023189,0.1295741897511172
CAU_00061,-0.011282843355027317,-0.2024026265472844
SYM_03775,-0.21599150399549055,-0.15944731065438683
HER_02057,-0.1101130113468058,-0.14837360879855138
CAU_00129,0.4327083911543347,-0.018366480212812425
SYM_04829,0.7202538116675598,-0.004789648240827168
CAU_00323,-0.5853177757564616,-0.44309375393676403
SYM_03648,-0.4769385087975709,-0.19957962105948393
CAU_00175,-0.6219183470751866,-0.4315274537931544
CAU_00001,0.25617317896157965,0.09287789522167907
SYM_04021,0.4635987622718817,0.0717940154451298
SYM_03950,0.5782092009665729,0.12856236021165632
SYM_03521,0.23596389641490398,0.01016294828610995
CAU_00121,-0.1822040673646836,-0.17536080042096627
SYM_03789,-0.09924067910441974,-0.21772404375703028
CAU_00134,-0.7197126164751885,0.3717783336229093
SYM_03777,-0.4004301705712309,0.30560290347826663
SYM_03708,-0.29467525839759173,-0.10402566890543592
SYM_03839,-0.3440975900656542,-0.16949900190544356
CAU_00319,0.41553403659695093,0.3200678128381131
SYM_03483,-0.10966525058613961,0.0013485423801373082
CAU_00003,0.14255427281592542,-0.13792763651261367
SYM_03488,0.23743993165909896,-0.011373067099669185
SYM_03484,0.1546378905902397,0.04192801304314034
SYM_03586,0.06636915607872779,-0.04463126238012312
CAU_00357,-0.12310279591809639,-0.25127540023252265
CAU_00052,0.0976620415862498,0.006642320464044802
CAU_00135,0.18249009621261372,0.38545445762166974
SYM_04133,0.15062385351932922,0.5253860691253683
SYM_04166,0.23853036606256317,0.5332828346738142
SYM_03955,0.050549499820992466,0.6351973090222339
SYM_03469,0.17988701604094173,0.13934948409827916
SYM_04066,0.20470008666465458,0.5530377974652753
SYM_04136,0.19836044542679976,0.568551814268728
SYM_03499,0.22186705063759948,0.10693171653108027
SYM_03956,0.08215440362561752,0.6543310378499483
CAU_00334,0.20696817228654707,0.33167128597826856
CAU_00184,0.42130882398750324,0.13054954181689576
CAU_00131,0.054271023257525884,0.021865000681838116
CAU_00051,0.2158829685945065,-0.03432872329201569
CAU_00111,0.11346649843775886,0.08891650396425742
SYM_04509,0.16006698824772264,0.3389647742637062
SYM_03594,0.13902395354231717,-0.018198012848042577
SYM_03691,0.23247122323095762,0.11402581106604874
SYM_03531,0.08883713983006689,-0.05125867123102137
CAU_00049,-0.025401174452180285,0.20389505382462356
SYM_03941,-0.0618712452259018,0.4187942282506816
SYM_04194,0.007397742119794394,0.3525829491385486
CAU_00154,-0.1086659224855566,0.5626344443992393
CAU_00031,-0.019732609235243042,0.13160170414758465
CAU_00352,0.11621798221059179,0.1409746059601048
SYM_04037,0.2957190872534795,0.15010087624801363
SYM_05236,0.19475180994205918,0.2417988922661228
CAU_00203,0.11670151426270582,0.14969117225126322
CAU_00004,0.28381563945133165,0.016037127825607615
SYM_04193,0.42147133142317555,-0.07889412500253119
SYM_03724,0.41793454676961084,-0.04915941231269679
SYM_03520,0.28742100458401854,0.055454852895098605
CAU_00159,0.16846566537028232,-0.022901723068361895
CAU_00260,0.034277805119397105,0.16329591343681882
SYM_04441,0.0766932939682539,0.34157864490400563
SYM_03575,0.2040811528292798,0.1461915404869899
SYM_04195,0.07237076866172362,0.3550665236603717
SYM_03695,0.06170690574129918,0.3299857570681983
SYM_03447,0.10428642359323438,0.1463841799104315
CAU_00007,0.10689251800219383,0.13586751025407082
SYM_03655,0.347317414502459,0.09729735517393076
SYM_04192,0.3794554326094172,0.20160833165358755
CAU_00029,0.22882384047117169,0.07718023654208159
SYM_03509,0.20710534413034729,-0.06615598133818791
SYM_04621,0.45263150425234916,-0.21226472147742045
SYM_04510,0.4862409613978225,-0.09730790529533229
SYM_04294,0.4869824705731958,0.06464714548937803
CAU_00002,0.3005202729756207,-0.029371854249841366
SYM_03603,0.48855843059551723,0.06632602607984436
SYM_05061,0.4950709161509813,-0.2807211827322071
SYM_04148,0.09414802357911504,0.003163761368778726
SYM_03650,-0.07145553492956254,-0.22841146196245043
SYM_03959,0.021989982775939002,0.2728384788323027
SYM_03491,0.08695403270258513,-0.06376986501362049
SYM_04183,-0.09823669240037296,0.35476449287102985
SYM_03555,0.08159024413946649,-0.11386735132883864
CAU_00210,-0.15139545782053132,-0.24329235979304786
SYM_03675,0.32775588534356553,-0.07388581801990554
SYM_04103,0.3135165290572351,-0.18059522526212493
SYM_03872,0.20394814023155808,-0.18597585483574958
SYM_04305,0.5215137240072596,0.04846289795704466
CAU_00346,0.06692374511984789,-0.2915922992686184
SYM_03785,0.0034140327566072313,-0.1949170728524016
SYM_05188,0.06899749545087598,-0.548153482616229
SYM_04115,0.01982049505307444,-0.5332502483110636
CAU_00056,-0.1075535515903083,-0.29012888891397026
SYM_05111,-0.28954164784925124,-0.5028647962376326
SYM_04405,-0.28463032696755114,-0.5040872808114032
SYM_03649,-0.26919463969575014,-0.487425967575468
SYM_04250,-0.2847382795980367,-0.5086357820192398
SYM_03445,0.1404078475029892,-0.04208750398551294
SYM_03459,0.17374368550879501,-0.0014695665549469704
SYM_03899,0.48154963761078357,-0.07094408400624448
SYM_04937,0.48064937145364744,-0.30173303670218615
SYM_04398,0.5169296630578192,0.15177813969586473
SYM_04534,0.5845135835282091,0.04085044985705461
CAU_00078,0.09673628139119217,0.10616051865635912
SYM_04074,0.247148226316212,0.28285401450749187
SYM_04896,0.21073975123636252,0.3723988741270903
SYM_05095,0.32821298738232624,0.23847522876858487
SYM_03732,0.16757132107142908,0.37465101151018043
SYM_03792,0.3178884466468508,-0.07918738437166765
CAU_00345,0.14969100948625863,-0.23428236273237313
SYM_03875,0.2344577245568768,-0.3975498524278359
SYM_04022,0.3230522325784518,-0.47103648388752484
SYM_05049,0.2870122074287313,-0.48042541986065873
SYM_03585,0.3058915964307002,0.10497386308731173
CAU_00039,0.10959521379242963,-0.01494198283111561
PRE_02828,-0.5221904524629071,-0.12615278383992892
SYM_03670,0.30201818403456254,0.14424842789228265
CAU_00354,0.16439514389302026,-0.20370547827523855
CAU_00188,0.35200057861980427,-0.20273231484026197
SYM_03493,0.16457672077425173,0.07314774807434711
SYM_03529,0.17137338716413208,-0.2843878917988425
PRE_02744,-0.5242249486500683,-0.3220365755760429
PRE_02723,-0.4808218352094681,-0.3545176513275582
CAU_00342,0.2358559527247136,-0.47755561505945693
SYM_04221,0.25186338399247066,-0.7195837952507594
SYM_04513,0.24793476336148948,-0.7375066278402437
HER_02212,-0.4715529274568354,-0.39984651696063406
CAU_00006,0.14848805078095478,-0.040944015840572286
SYM_05157,0.2468729332945302,0.22389614418788018
SYM_04573,0.2650538075982997,0.20470064894935233
CAU_00019,0.07533875663745894,-0.09572954525772084
SYM_03681,0.10897793808476992,-0.20539017637485898
SYM_04132,0.07942552816322888,-0.3516431760514362
SYM_05116,0.18287988784373427,0.14721369512414542
SYM_05007,0.05869769410002434,-0.366116294651199
SYM_03440,0.18959937023067788,-0.08362971018660215
SYM_04548,0.13292426855632603,0.35229176369097287
SYM_05024,0.45717644698342175,0.20152208721200407
SYM_04007,0.30339406689380743,0.2285170480735592
SYM_03683,0.31111672200477614,-0.09279843815368044
SYM_04247,0.4967199610965309,0.1547628751700024
CAU_00000,0.2620417544060798,-0.08491184699274587
SYM_03516,0.13111574848464194,-0.16797560384546983
SYM_03481,0.10378422698251133,-0.08859971347683486
SYM_04499,0.0728057983962117,-0.33997903783290384
SYM_03615,0.08288521828059447,-0.014592743800018175
CAU_00038,0.17681137446454687,0.12410441001143346
SYM_03952,0.1833912382535468,0.447284492299988
SYM_04128,0.18730238939991636,0.38755235481741
SYM_04256,0.21589295445261228,-0.32130849454334476
SYM_04046,0.47149544070715727,0.06981124956807673
SYM_03525,0.25526415134011066,-0.10637226610636773
SYM_03452,0.243024600265617,0.033075510662069825
SYM_03834,0.015208794038442629,-0.40016757836490585
SYM_03879,-0.34098738215176677,-0.5058619581556206
SYM_03880,0.040284759078616,-0.1036875907845556
SYM_03986,-0.5159555606381508,0.015652571857305925
CAU_00011,0.18995871436220077,-0.045058148199181566
SYM_03729,-0.2638090367551692,-0.5199011763720964
HER_02165,-0.212749116619849,-0.2463702320819547
HER_02085,-0.20803891087137324,-0.2567538910104527
CAU_00079,0.3018320306456083,-0.09907480504051151
SYM_03443,-0.005679169979390593,-0.04077849583632981
CAU_00215,0.15781410821032005,-0.33307267165129245
CAU_00030,0.19664301918778754,-0.16123888642229617
SYM_04636,0.3853137201476528,-0.41582375144195294
SYM_04184,0.35334934223098635,-0.42519362286631496
SYM_04526,0.37037532755778696,-0.41049067610070034
SYM_04533,0.35450657887979764,-0.41436291937264047
SYM_04990,0.3835050505359145,-0.3864608028058038
SYM_03940,0.20104959347271467,-0.3467861248731633
SYM_03972,0.42392675960392207,0.26044962405746097
SYM_03819,0.4848122871955545,-0.14435566395465427
SYM_04308,0.5187902576348467,0.08967173851702062
SYM_03584,0.3488569121445077,-0.09622449350069645
SYM_05044,0.15889003554603637,0.14587436705654563
SYM_04644,0.09286591471816605,-0.35460322538441896
SYM_05211,0.18029810365729107,-0.3471681420510767
HER_02217,-0.670255845314527,0.1112943964746408
SYM_03659,-0.03560921418731825,-0.3084496050451092
SYM_04397,-0.2685005303889711,-0.5045737000294521
SYM_04292,0.21676209633739385,-0.29741663593197554
CAU_00014,0.09273042817382485,-0.0899931944661732
SYM_04309,0.36651057641558565,0.1373832598727253
SYM_03505,0.23174092407857777,0.047406365575057556
SYM_04151,0.3491297282653419,-0.2611404043633901
SYM_04839,0.4698965146733842,-0.05191470217110224
SYM_04311,0.47050921022035097,-0.004036383639381516
SYM_04953,0.02512846038356864,-0.32419682809928724
SYM_04610,0.028840839091013742,-0.35143052118448526
SYM_05113,0.03929818636261865,-0.3828278310997219
SYM_03490,0.229204990415772,0.01612197914332361
SYM_03611,0.27387231896063563,-0.1398583172166577
SYM_03734,0.22299826055831576,-0.04574701044283996
SYM_05090,0.5109773043747939,0.15892934180708027
SYM_03621,0.5223621044588894,-0.2503134520572058
SYM_03835,0.1555661298746632,-0.2590580723164539
SYM_03643,0.2359113437754234,-0.1548325121403809
SYM_04169,0.5060750455971057,-0.25529566251819763
SYM_03631,0.11144174952028725,-0.1916159965007089
SYM_03504,-0.018207510676007777,0.04733834606162389
SYM_03735,0.25599074330583643,0.044502813397417816
CAU_00362,0.1470327569652343,-0.23734997031217298
SYM_04120,0.2631688537159523,-0.5256373648546021
SYM_04056,0.2513571306158465,-0.2842290585832355
CAU_00369,0.1518378013496846,0.18888164704688296
CAU_00367,0.4346514108032363,-0.46916739222638393
SYM_04823,0.6270550400442141,-0.6591585902102266
SYM_05078,0.6148411081677001,-0.6751794075975216
SYM_05189,0.6406554934941916,-0.6753325037774586
SYM_04822,0.6207607105922566,-0.6677901005811114
SYM_04798,0.17991070641777426,-0.4012292345033783
SYM_04885,0.24298832398978298,-0.43462685147995145
SYM_03571,0.1802377856210884,0.18163322540194649
CAU_00005,0.2623393089994853,0.00305533586188851
SYM_03866,0.48679946553992626,-0.007151569357661361
SYM_04057,-0.15223461828825358,0.29746835537991645
CAU_00208,-0.2995541979792114,0.48668407595810104
HER_02158,-0.42313007627508603,0.3480708609023945
EFF_01386,-0.5610033111772353,0.32491961500537325
CAU_00022,0.12161479173021593,0.12122228187015216
CAU_00130,0.037633997103584775,0.2788555905153757
SYM_03910,0.20244027174288892,-0.38674182656662703
CAU_00257,0.03579057399116935,-0.04074664327197437
SYM_03498,0.11439825458927788,0.024651078919516865
SYM_03753,0.4213455522571547,-0.09477145094116732
SYM_04028,0.33123531229527153,-0.08178026737480955
SYM_04635,0.5718848395198937,0.1160099959413576
SYM_03580,0.3316689731392259,0.06102405291482341
SYM_04695,0.5788756019926885,0.1302345874809924
SYM_03551,0.2645236925878366,-0.03381870576792318
SYM_04006,0.41091902387975865,-0.22661424828513613
SYM_03645,0.3016355163266209,0.1936038201957549
SYM_04502,0.38303349029176187,-0.2532959311540849
SYM_04155,0.30637903436126185,-0.0009808607548461715
SYM_03769,0.3187756120109463,0.14078474017622084
CAU_00034,0.13650879875777247,-0.008024007731572093
SYM_04987,0.4137734125833482,0.13138360123372356
SYM_04207,0.3557237334840432,0.12857487532292908
CAU_00075,0.16141844521268836,0.0620988704924516
SYM_05065,0.4226907845749085,-0.3396534598252959
SYM_03918,0.5127036466800943,0.17649853158959566
SYM_03532,0.11959512410157024,-0.15896042801633126
SYM_03917,0.17460504300591587,0.225447415609969
SYM_03554,0.0019788155819710387,-0.045723836060188996
SYM_04606,0.5526841790228204,-0.07783929180951427
SYM_04078,0.36212169885791734,-0.43023347605952744
CAU_00032,0.14181718454750702,-0.18025267365999845
SYM_04356,0.14726288237842147,-0.46673413613030296
SYM_04083,0.16343605329400307,-0.46928605667984025
SYM_04011,0.13077441158368058,-0.44825866389570646
SYM_03604,0.2093735097376959,-0.0473908173041517
CAU_00042,0.15145097997551243,-0.003857546566254087
SYM_03644,0.26433525031540395,0.03264987831383988
SYM_04748,0.23551389401741687,-0.16587702777405672
CAU_00193,0.11728986218187112,-0.0008412020514213214
CAU_00109,-0.028313978444172678,-0.08872060290251722
CAU_00348,-0.011052209109908229,-0.17556462842377157
SYM_03500,0.19642554436173754,-0.024804252252880195
SYM_03522,0.051231329948948065,-0.28066521091405167
SYM_04767,0.5190172588024221,0.04711851218951136
SYM_03829,0.23766740893816835,-0.18018273106432325
SYM_03556,-0.13800044361548125,-0.04383225554301709
SYM_03568,0.2177152034370613,-0.011735083321085504
SYM_03746,0.28179989752493734,0.003166597443035659
SYM_03697,-0.052721984880252745,0.0463048411559682
SYM_05102,0.40295751376326,-0.20779772552789397
SYM_04914,0.4138489553834088,0.23591984252677065
SYM_05242,0.4102687047015266,0.25095732622678774
SYM_05008,0.5227581406256746,0.07850980506581816
CAU_00162,0.11006048287110931,-0.20753882559889986
SYM_05009,0.4973582322665314,-0.27972589220665006
SYM_03995,0.46942250976220457,-0.07081580034415134
SYM_03996,0.4635927988463627,-0.05155469266503976
SYM_03730,0.4123851338534637,-0.0236449563319561
SYM_04433,0.525341773843485,-0.1825448772897572
SYM_03573,0.3100021850567007,0.19520300610037322
SYM_03855,0.24018228361287755,-0.33492374670201475
CAU_00365,0.5211434369051302,-0.2952286128625068
SYM_05216,0.7503230056865189,-0.4394556435360517
SYM_05162,0.5912621590270605,-0.09873509359900394
SYM_04616,-0.1062674027583622,0.38016804814979765
SYM_03851,-0.35288008934942744,0.20741451061723562
SYM_03915,-0.23614379921343318,0.3439084727907077
SYM_03576,0.3260471919611343,-0.06821660500427033
SYM_03968,0.5755112471735794,0.03380499474840453
SYM_03616,0.2373892064615191,0.17871845375327275
SYM_04694,0.444019650872409,-0.3230354117624791
CAU_00144,0.003287183106164954,0.17933954062006846
SYM_03909,-0.050755842748400795,0.09737380505107081
SYM_04049,0.010473718500339782,0.07723478620659902
SYM_04093,-0.017010800735724203,-0.04454779268000038
PRE_02590,-0.3236288207525235,0.6719653998923575
PRE_02560,-0.21350234541701377,0.6413777169297098
SYM_04408,0.4281322040075172,0.04187586093087633
SYM_04275,0.29018939475592553,0.1895059007679036
SYM_04091,0.25001887007718443,-0.3115687832371767
SYM_03794,0.40228410996511965,0.08989001171018937
SYM_03739,0.394566874057226,0.05904052503825986
SYM_05184,0.1437576986862062,-0.30654892128558736
SYM_03589,0.1219777120231391,-0.13206499061870797
SYM_03705,0.2012875582316325,0.03202847751321031
SYM_04705,0.5121765653952212,-0.22890865778000827
SYM_03592,0.3289517003444241,0.0985676241043561
SYM_03756,0.605645002015247,-0.018712705451176904
SYM_03881,0.5462670310445137,0.2124856230218347
SYM_03962,0.3420140414435924,0.1995385998777621
SYM_03733,0.46858247813457377,-0.06251556756284105
SYM_03602,0.26110520617957034,0.09794522804538554
SYM_05123,0.5372455563381032,0.2238838120477973
SYM_04712,0.4778855244761616,0.27840765812823154
SYM_03599,0.3444869070482309,-0.18273606329881337
CAU_00044,0.15372446382647253,0.10560276651394265
SYM_03626,0.31613354579056185,-0.24067050058934275
SYM_03671,0.4449222405991729,-0.09456504334459208
SYM_03830,0.5833319830805791,-0.12468209387900916
SYM_03672,0.2584355396304413,-0.18990257198705954
SYM_03665,-0.4451394076332135,-0.1846086955219883
HER_02013,-0.18284300724246735,-0.20157817454212934
SYM_05034,-0.2993051562196293,-0.11962277121300995
SYM_03750,-0.060879102184236616,-0.17135289611839166
SYM_03741,0.3889521240156103,0.07357514327829776
SYM_03723,0.4388888613556128,-0.0812464637406538
SYM_03969,0.28201263061344695,-0.1885917485354969
SYM_03627,0.3340872571425237,-0.06072491651847033
SYM_03719,0.4415652803362416,-0.05906557347391201
SYM_04790,0.5981506497484367,-0.14610883640377365
SYM_03512,0.25116054413102656,-0.08833352805537173
SYM_04062,0.12383283598832699,0.3928475495754311
SYM_04092,0.5761959264826094,-0.15762150609127076
SYM_03558,0.39075658807545804,-0.09293331450548703
SYM_03562,0.46834573979393335,-0.14666013557228064
SYM_04288,0.5485275310619416,-0.035518669674472834
SYM_05079,0.5324323732426991,0.01393952475394899
SYM_03861,0.4324935124826116,-0.1291197065118214
SYM_03716,0.40244104248404233,-0.004993837470920824
SYM_03804,0.25893153091055143,-0.4226707000162727
SYM_05092,0.19669498237301739,-0.4241063701402525
SYM_05187,0.5750515037060906,0.15904973509057949
PRE_03025,-0.451807267870356,0.06117282028324661
EFF_01434,-0.35571241873670534,0.14045782720380456
SYM_05013,0.08503038471462074,-0.3514361159081367
SYM_04131,0.5337094926525829,-0.22406884852678954
SYM_03563,0.25184713177112755,-0.05313241390117519
SYM_03485,0.054640678169780965,0.05979937305746304
SYM_03743,0.4207195163804512,0.015239502252077203
CAU_00128,0.4110566495839898,0.3503153055185457
SYM_03942,-0.09388102240452817,0.38439660303365997
SYM_03489,0.4312514463347926,0.09318857667243832
SYM_03435,0.17786809943896867,-0.1412516378380703
SYM_03495,0.15034080117578494,0.0355448917913824
SYM_03519,0.2667977525744129,-0.05954476093467475
SYM_03593,0.2017454156396392,0.41015652521510904
SYM_05039,0.09437901888694994,-0.353459409523785
SYM_03776,0.38799354493641486,-0.1669251006093487
CAU_00041,0.14122079466423015,-0.09194722561457379
CAU_00063,0.12841647073359827,0.2664789944591174
SYM_04085,0.12784705097075993,0.5249394305597913
SYM_03892,0.07561556539724021,0.4620568807955643
SYM_04099,0.1307458524448923,0.515778862986549
SYM_03685,0.07875312219303456,-0.3680529073886019
SYM_03677,0.3693925230290013,-0.07584226664588074
SYM_03766,0.4679903323045964,0.07030682050850946
HER_02136,-0.08959960345322249,-0.1455014941507299
SYM_03889,0.38545271535010656,-0.2809549738665598
HER_02153,-0.07916575924142515,0.2306861332543171
SYM_03617,0.44657840590812753,0.02614143352929655
CAU_00164,0.042007959940646294,0.22733834158936322
CAU_00221,-0.03141941170797599,-0.11155151079837256
SYM_03548,0.1493288124933689,-0.11914254421498223
SYM_03660,0.48323541133049996,0.05931187186261108
SYM_04233,0.5685607565955624,-0.1753444394810597
SYM_04550,0.3689492142919273,-0.38634073253746876
SYM_04702,0.35199262187086794,-0.4075968448794479
SYM_05014,0.3549421383267355,-0.2782500525759593
SYM_04998,0.5871513236321143,0.010972337529972896
SYM_05084,0.5923134853207449,0.05252431957011442
CAU_00344,-0.13419050714224032,0.49512314561999904
SYM_04536,-0.20131595295083551,0.7467026281468512
SYM_03748,0.17358052128402596,0.3760258640452594
SYM_05174,0.585264999399891,0.07410685338665725
SYM_05190,0.5083958680152272,-0.2432083797552975
SYM_04483,0.5495978918921811,-0.07234185416999946
SYM_05025,0.546415693294855,-0.12021457680209865
SYM_05132,0.5714917810920239,0.08702973816211894
SYM_04747,0.5870222496825497,-0.07639682779677917
SYM_04401,0.5190779009414427,0.24881439768256142
SYM_05133,0.5770884619331751,-0.0441130907724443
SYM_04713,0.5119181482351669,-0.10725860679122734
SYM_05206,0.31115447367462795,-0.28676535308269585
SYM_04162,0.3246111233567835,0.1761420325520301
SYM_04981,0.5521265715819914,-0.048533517604890386
SYM_03754,0.2496884840182714,0.3607548649200187
SYM_03820,0.29212107543573623,0.37057317451123034
CAU_00202,0.38790773651351734,-0.8237402328589107
SYM_03572,0.2786071223642712,-0.5895647009348504
CAU_00166,-0.5342420239081617,-0.4710675316794027
CAU_00353,-0.346548704258064,0.4421805903647731
SYM_04352,-0.45975382104368473,0.6600635895520083
HER_02177,-0.5634979659657787,0.2356178992567088
SYM_03607,0.08789405707799805,-0.012116653580886611
CAU_00165,0.4588924448523186,-0.03607092756980498
CAU_00152,-0.11716193719580188,0.1649031748211045
CAU_00157,0.08747631645702691,-0.11514004500514441
SYM_03610,0.47661346234071306,0.14619505929524032
SYM_04449,0.23657015440983473,0.19556391895262107
SYM_04752,0.5856742966384564,-0.026010716346244026
SYM_04434,0.5693939775603609,0.03210021479596112
SYM_04190,0.169655312149168,-0.38161011142165474
EFF_01437,-0.2709984640731965,0.4463690394332234
EFF_01288,-0.38971121864852926,0.4353590340524902
CAU_00312,-0.050476006482324934,0.2552672856776585
PRE_03044,-0.5026236764964118,-0.19454690395909877
SYM_03511,0.274530887064348,0.1858353669771629
CAU_00098,0.13270049914721785,0.05432868203822325
CAU_00237,0.4154554211455233,0.14906406813247908
SYM_04906,0.5616427659044553,0.09329962996108987
SYM_04825,0.3760407685439641,0.26900724971532125
SYM_03824,0.4073403689429794,0.19492314399346258
SYM_03710,0.574601471065834,0.16698621451619894
SYM_03922,0.6104059308650165,-0.06276338967260368
SYM_03687,0.20845440321073383,-0.12593136848574646
SYM_04911,0.5878738948894641,-0.11816492869899711
SYM_04082,0.44837225681423826,0.30513282032107114
SYM_03662,0.18140057792315947,-0.0463685219168135
CAU_00147,0.6693836674531786,0.4688413862919423
SYM_03581,0.3951538427006799,0.35411585929326533
CAU_00403,-0.05788121619141334,0.32693337574741993
SYM_04075,0.1006853982049084,0.3619755028881717
SYM_03596,0.5489041870106568,-0.06569747167514949
SYM_04994,0.23935552275458594,-0.4071909110177003
SYM_03699,0.2464405414340001,-0.2906843462154371
SYM_04014,0.25795669621895034,-0.2996499087861154
SYM_04137,0.4021507720135136,-0.10897503090083316
SYM_03895,0.4822593056452364,-0.06619554419100039
SYM_03706,0.47682874192696234,-0.0720790399161272
SYM_03795,0.47814206549574695,-0.09127515225942201
SYM_04688,0.526049554879416,0.18866506445645567
SYM_05077,0.5176006894286674,0.2507504568218594
SYM_03630,0.35569502571186773,-0.17277195608595147
SYM_04143,0.5643689519611683,-0.14155967109895126
SYM_04024,0.36774057431163926,-0.1308389738747547
SYM_04934,0.562167352713776,-0.07301133263279884
SYM_04096,0.5498489716524232,-0.17001345109094276
SYM_03651,0.15114282188741482,0.03935723483677152
SYM_04249,0.5878846917939441,0.044292358537915806
SYM_03679,-0.022394071865836803,-0.12096600107424868
SYM_04718,0.23631206570537314,-0.429542125331572
SYM_03591,0.3810114996540344,0.037146767053594945
SYM_03479,0.17941759971715773,0.0448006483713473
SYM_03960,0.4102699306986758,-0.30874901856255765
SYM_04580,0.21820285687115623,-0.3867916236547285
SYM_03906,0.5794902749490791,-0.09894003558998825
SYM_04238,0.579450066308083,-0.10842870428798738
SYM_03755,0.2946053154035838,-0.1531100263625923
SYM_04117,0.4098326670139354,-0.025834672837737802
SYM_03597,0.2916088502700598,-0.0226508809880091
SYM_03422,0.10896877311040064,-0.016571045992215077
SYM_03768,0.48551155701758225,-0.051165946228797596
CAU_00096,0.08782024450331864,-0.09575073102550764
SYM_03857,0.1542723552880269,0.16522372479602251
SYM_03742,0.2775523464465538,0.043170805485564595
SYM_03980,0.3044135810068279,-0.04642485207185337
SYM_04176,0.47487160585690147,0.3280579638799374
CAU_00141,0.036594461010819264,0.057227901753418395
SYM_04967,0.21644675220630943,0.23440932377594542
SYM_03747,0.37846977426870243,0.1378116816379769
SYM_04631,0.5606124021689751,0.1135090147265551
SYM_03759,0.20005301679131857,0.2154387834514816
SYM_04808,0.1806337172734774,-0.3153256543219498
SYM_05172,0.3479700725430963,0.08453892096453365
SYM_04826,0.35901677640763935,0.1269445673641061
SYM_04969,0.17514975099261773,0.3694917570740929
SYM_04696,0.2649114070852869,0.3571967117510156
SYM_03963,0.37207179817282615,0.2909720618759236
SYM_04972,0.3561216204223073,0.01250604516864864
SYM_03946,0.40864805443464447,0.2577518587307035
SYM_03688,0.31542383475459274,-0.14433266945035161
SYM_04001,0.30386278157806246,0.2559283840568347
CAU_00072,0.3552137155544451,0.07963311181991899
CAU_00206,0.33923993124861107,0.06499342960291622
CAU_00094,-0.28358275030366953,0.22534173464917817
SYM_04047,0.5242193991096834,-0.22240655906916373
SYM_03945,0.5000329677932709,-0.24836304679536958
CAU_00380,0.7524176736915961,0.031061383419432063
CAU_00040,0.05374657064273398,-0.11133523317062594
SYM_03587,0.23869542351606016,0.07397899797976684
SYM_04663,0.5897347858774693,0.031608587950470717
SYM_03903,0.2830367423594426,0.09878733155410695
SYM_04512,0.287216638158848,0.1650841470048473
SYM_04167,0.251493557800757,0.21702384788921833
SYM_04518,0.32769151400070934,-0.25225489774164567
CAU_00399,0.1090807987957203,0.04357157075990884
CAU_00337,-0.10877860663410044,-0.2519166798563817
SYM_04600,0.2556740839130646,-0.29773045038972085
SYM_04201,0.5955176289655413,0.020811660760951256
SYM_04185,0.45946519259469737,0.297703584681614
SYM_04354,0.5672559090832968,-0.18798901754577954
SYM_04907,0.5052964697683396,-0.22814858312235844
SYM_04910,0.5106367076450414,0.25449837896244415
CAU_00045,-0.037465600658983064,-0.13413780881628426
SYM_04031,-0.07460044026140183,-0.3919508005927525
CAU_00114,-0.402514800792475,-0.42026302917881275
SYM_03853,0.5134049043880999,0.04766229868810447
SYM_05023,0.4797945351869228,0.0789806491434713
SYM_03964,0.5233520703017046,0.21755910389767424
SYM_03900,0.6077871117553507,-0.045659841866040086
SYM_04095,0.5229768029783776,-0.2601796898158554
SYM_04182,0.12555564009401887,0.1803868464044871
SYM_04061,0.35886311421302536,-0.09224388145564832
SYM_03904,0.3386309522663533,-0.1422954417836433
CAU_00266,0.04079729250780408,0.03442366851986963
SYM_04219,0.230360846176326,-0.4034891208300853
SYM_04564,0.29867192370586726,-0.3914625701001966
SYM_04113,0.5377513552280032,0.19034721628331758
SYM_04941,0.5623310170214848,0.1615450912371892
SYM_04594,0.3671989099886093,-0.013758357979874687
SYM_05134,0.3661232078275282,-0.035681169723241986
SYM_04216,0.35376310062041005,0.0018729684892721263
SYM_03821,0.2138012800818245,0.054708166971900986
CAU_00085,0.290545783615986,-0.009384034819814478
SYM_03882,0.42134475236662117,0.13734194809864153
SYM_03608,0.19047395089366057,0.06615960699082002
SYM_04566,0.3783779393181052,0.2070130996052722
SYM_03678,0.3979675169313284,0.19507852734376277
SYM_04232,0.39166120061579757,-0.03931766794328674
SYM_04118,-0.08583796097317647,0.36306022712964814
SYM_04658,-0.07491788949209593,0.4211492440152531
CAU_00405,-0.05539532831589696,0.5828030595747258
SYM_04960,0.504138281009489,0.07751652382384813
SYM_03609,0.2589646030324928,0.001356627561263718
SYM_03624,0.009801531402878582,-0.25808450834737784
SYM_04213,0.22247356002739654,-0.3997485623247934
SYM_04838,0.2147559024203415,-0.4281075522201205
SYM_04527,0.22580701581895526,-0.4168999705003453
SYM_03533,0.1314768505782383,-0.03126851138099664
SYM_03858,0.2961225163140851,0.3847531470224519
SYM_05140,0.24457933453869493,0.4246797536719951
SYM_03828,0.2949248760107442,0.4028214351333322
CAU_00387,0.1998377871508519,0.2704828180555324
SYM_03814,0.1854688283103273,-0.4246393931720128
SYM_04016,0.18526113131694408,0.4022441875413524
PRE_02998,-0.15364433965400548,-0.18963791971808905
CAU_00368,0.08651517600605932,-0.2246700292188692
SYM_04355,0.11952531265974153,-0.5114318164177553
SYM_04528,0.16818766815479858,-0.5036173226613315
SYM_03832,0.35671362020543423,-0.06188924605323237
SYM_04647,0.45411576620366334,-0.17184156670044462
SYM_03709,0.3920334092131392,0.008525815115395245
SYM_03693,0.46518534987908566,0.2125670356629857
SYM_03826,0.5285471012700723,0.13124062732908437
SYM_04111,0.04393940462095297,0.33745529749934416
CAU_00327,0.37488572131308545,-0.32825798314159144
CAU_00054,-0.06667369220373816,-0.2943207742986223
SYM_04358,0.3824961789518013,-0.39915756503790967
SYM_03667,0.01875373031402977,0.19767793799873182
CAU_00332,0.4072661092484233,-0.27497647099825967
SYM_05005,0.5823028569924061,0.0802810350859688
SYM_04787,0.5235966243079218,0.15608078829827257
SYM_04108,0.5293614293162096,0.19087440542066178
SYM_04959,0.536849970095253,0.14314851950981516
CAU_00341,-0.11891602756919206,-0.33256793117150785
SYM_04755,-0.36206279426528326,-0.465899537836045
SYM_03919,-0.3800293545437734,-0.4572804361626416
SYM_03628,0.15954664540941074,0.07050950040549418
SYM_04456,0.3417737000137036,0.19165874788165924
CAU_00168,0.35915992541283276,-0.026017746978530768
SYM_04188,0.17568400411693713,0.41137212413536073
SYM_04110,0.3258574368392368,0.06843965814119968
SYM_03912,0.156095979218374,0.4410169457289678
SYM_04649,0.3525913231725607,-0.02321825921537237
CAU_00170,0.03296405806395463,-0.08210640043806444
SYM_04543,0.47547603885837025,-0.23578776019695036
SYM_05209,0.4735681341732919,0.22638694652299027
SYM_03588,0.14657247854619368,0.11412396951812932
SYM_04072,0.053340554707012176,-0.35976648648172194
SYM_04058,0.14954504813028982,0.15760615270654066
SYM_04239,0.06755195420339538,-0.35397420171374083
SYM_03797,0.21112541556953876,0.2446878838378936
SYM_03701,0.3043268644304498,-0.030666517765870708
SYM_03884,0.4854360713561352,0.2967403270250348
SYM_03971,0.34930449812418235,-0.015052021999003651
SYM_04025,0.37991579913463464,-0.0826473919695589
CAU_00265,0.451081156482879,-0.1532313501245126
SYM_04417,0.5023381158352269,0.1431797307820593
SYM_04259,0.48932777657241366,0.15560763693158286
SYM_04248,0.463968067936799,0.1880000915809643
SYM_04149,0.47841671538396624,0.17786202557141118
SYM_03848,0.4519454589700766,0.19233163468197204
SYM_04222,0.4358093878012683,0.19956882819449182
CAU_00264,0.42378046481813925,0.12344266853122292
SYM_04189,0.46836131880072074,-0.13255010962174352
SYM_04144,0.4530269786049279,-0.1439890569967288
SYM_04081,0.4723394834267936,-0.06054003138226204
SYM_03767,0.46481672350337566,-0.06119464979346477
SYM_04986,0.513076604987732,-0.02052207293831837
SYM_04438,0.5080725540113227,-0.009338826199773134
SYM_04711,0.15902173132871503,0.38447720447341327
SYM_03757,0.2696097582350384,-0.2762295582049195
SYM_03896,0.2655689676506591,-0.40276227741209936
SYM_03605,0.33955857773019427,-0.19487541588416898
SYM_03570,0.31693792591855136,-0.06820789116350072
SYM_04161,0.49113124807398845,-0.1974185927074676
SYM_04368,-0.10724723397220497,0.3653240296143508
SYM_03676,-0.2796188263482061,0.30872821355561636
SYM_04174,0.2984732188890052,0.04116230893648081
SYM_03765,0.2321938553735486,0.22375541261823811
CAU_00256,-0.02411063981953308,0.23213811419546734
SYM_04154,-0.011944803843910572,-0.33883020234401684
SYM_04069,0.22475145083262932,-0.420918165828945
SYM_04428,0.24591629812187382,-0.4035407796608933
SYM_03831,0.1985110529393451,-0.39631938933432287
SYM_05051,0.2185520590172015,-0.41788728823766685
SYM_03937,0.3237747008984647,0.3303776885403721
SYM_03997,0.28294421018186294,0.39107741340896035
SYM_05193,0.010095589848625486,-0.349145628387144
SYM_04511,0.4352496299919905,-0.19724447986213114
SYM_03764,-0.34221172755770685,-0.02122853577299476
PRE_02532,0.03734495797659699,-0.37179256218550377
SYM_05238,0.12164637728965194,-0.06617446993288349
SYM_04038,0.5069346588532165,0.2698435923354852
SYM_04240,0.5413408844079629,0.16952716802313675
SYM_04597,0.37276013467870733,0.27581590327082806
SYM_04591,0.2499772251347627,0.3480055067986916
SYM_04549,0.26177578331541446,0.36064229046936297
SYM_04568,0.30375031196261354,0.34626360542487417
SYM_03784,-0.01667228773018222,-0.02741528594666457
CAU_00328,0.029620243906184094,-0.37793733278511926
SYM_04319,0.18820224405916972,0.33711474974973393
CAU_00077,0.4198290754420238,-0.21195554364860303
SYM_04855,0.7092043022827866,-0.30667161466901005
SYM_04159,0.6912901637971047,-0.270502321151588
SYM_03745,0.658975104058313,-0.343882127100339
CAU_00271,0.27317839509428654,-0.047595262898788
SYM_04340,-0.14537590439532305,0.4756982570946522
SYM_03806,0.302231958333598,0.2744311490479533
SYM_04139,0.3332596935784928,0.2028846403485267
SYM_04178,0.28853712795003844,0.22686447318577516
SYM_04008,0.22660783693813827,0.40854556091083377
SYM_03949,0.4888928253474803,0.2861890786646245
SYM_04177,0.18159501962606295,-0.4648691187733276
SYM_04261,0.16137697809691032,0.3993769115889605
SYM_03666,0.22138145184013497,0.3726362630331426
SYM_03468,0.10432347937084914,-0.03385038190978968
CAU_00217,0.12047893726930017,-0.2585922247639027
SYM_03669,0.21450333350493067,-0.5194322515605769
SYM_03991,-0.14094886907714047,0.3779112865706104
CAU_00107,0.433993183489731,-0.015964925898693454
SYM_04334,0.7322648670509867,-0.061696538320109205
SYM_03641,0.30205683248555604,0.016194265587141397
SYM_05240,0.7021468058299598,-0.11690978291914103
SYM_04842,0.7352308862580128,-0.08576030920394474
SYM_04373,0.6009782314439642,0.06879415334937009
SYM_03598,0.10278068421829417,-0.15189557197216585
SYM_05144,0.575047761830664,0.14797939577421404
SYM_03749,0.26816492703156586,0.15686071704447863
SYM_05153,0.6108637128273176,-0.036043618762015645
SYM_04080,0.23448652480120835,0.10036142424141138
SYM_03457,0.14511977297268447,-0.06449031912063152
SYM_03471,0.337832510680245,-0.002201725562126317
CAU_00185,0.31103497741188063,-0.18003004737027442
SYM_03507,0.1335580556797534,0.04670563792215942
CAU_00093,0.029658295700077685,-0.08864702931380575
SYM_03547,0.13567793904238046,-0.21110913239159929
SYM_03552,0.2779340334663136,-0.02497730760266082
SYM_04181,-0.24366594179334167,-0.5791975281276347
SYM_03998,-0.275838284661249,-0.5235593153498963
SYM_03549,0.11829587748944113,0.1000470419799942
SYM_04383,-0.1193789322654635,-0.1030768006903509
SYM_03713,0.22069059971457478,-0.20709828608304034
SYM_05002,0.3949961891475665,-0.3799587560550387
CAU_00067,0.027065874886313287,0.006529907290228239
SYM_03661,0.2596644735706358,-0.06081674139522295
CAU_00090,0.1139597255626608,-0.02160713854058539
SYM_04145,0.44791053564139566,0.2471639632331849
SYM_03901,0.6049076531223497,-0.07200116669813741
SYM_03752,0.33176780065285905,-0.22113107404997198
CAU_00110,0.0815642334674904,-0.3739880078463394
CAU_00035,0.1135606183373961,-0.02686845948010035
CAU_00211,0.037448409713483594,-0.2753716801376347
SYM_03886,0.11954363934919916,-0.3321806691937636
SYM_03859,0.32410288575515245,0.22735684754940066
SYM_03774,0.15068622101908558,-0.29571621013470467
SYM_03783,0.06400628428376488,-0.31758286657319834
SYM_04837,0.040575360880540895,-0.32643279877785586
SYM_05112,0.04844185062829274,-0.3371998221806358
SYM_04407,0.16933762685633685,-0.2620590475226924
SYM_03721,0.09034338287835825,0.06128830086018501
SYM_03736,0.5802435252587603,0.06333112531642744
SYM_03622,0.420925012602324,-0.07629814261679485
SYM_05141,0.573448421073325,0.0507629149746213
SYM_03503,0.28925124291133497,-0.2710392720384266
SYM_03541,0.12286814302507741,-0.06978964567223091
SYM_05227,0.1393537022571651,0.24879932702955837
SYM_03510,0.26902410799009785,0.08568272767954922
CAU_00113,0.3035752732462014,-0.189896129164356
SYM_03634,0.2986747124295885,0.09481700777024177
SYM_03715,0.47930164914513745,-0.015371269688060088
CAU_00282,0.3864030670246385,-0.3454074252805777
SYM_04381,0.40595792460439234,-0.3362616034731921
SYM_03694,0.22762989964250732,-0.1489146066003167
SYM_04785,0.5296300096450706,-0.2385242543406494
SYM_04020,0.5058236514527201,-0.26834740140822544
CAU_00101,0.10359553601648909,-0.03617022271761458
SYM_04291,0.13114273933390688,-0.4645414101292212
SYM_05200,0.23856580268788577,-0.46249590032765847
SYM_03637,0.2431656693321786,-0.015029420227130478
SYM_04255,0.1857267022492287,-0.47119814071174504
SYM_03657,0.4351011707983844,-0.3319235595892619
SYM_04297,0.05081292222599417,-0.3504209193690849
SYM_03761,0.23455011110080506,-0.31969414559049353
CAU_00180,0.04433022746513026,0.06647628023173452
SYM_03782,0.4672405047067054,-0.24281083096095646
SYM_03663,0.5812436993554077,-0.10493148767766187
SYM_03686,0.41567818910061677,0.15789600105305646
SYM_03618,0.3153144359054448,-0.2846111149920548
SYM_03680,0.5070269081323204,0.07126496203607514
CAU_00280,0.2959984160150903,-0.33052142903546206
SYM_04274,0.4831848338270918,-0.1003938669970868
SYM_04685,0.4895936843521976,-0.10586006291326583
SYM_03590,0.31483027521247864,0.06506545824056996
SYM_04459,0.565447815950389,-0.01945078032127347
CAU_00091,0.3016647292877255,-0.06149292528045912
SYM_04980,0.35458791202878315,0.15922274305263454
SYM_04479,0.27619081106323334,-0.2845961364694436
SYM_04848,0.46072441407979076,0.010375822066654515
SYM_04678,0.3216479957490597,0.18238288264788455
SYM_04443,0.21656416286691885,-0.3281898881095964
SYM_04048,0.2685622855426879,-0.2794327807339426
SYM_04146,0.5114512535936252,-0.26727287731771654
SYM_03932,0.5996150752880298,0.025317137175458523
SYM_04632,0.5576791432737208,0.11467311683791283
CAU_00132,0.11177285611777821,-0.044437501684871074
SYM_03867,0.5778608609182523,0.10648988786077758
CAU_00050,0.16937079498073127,-0.0761721986847344
SYM_03923,0.45258803333128306,-0.3088855730943082
SYM_04887,0.5222389607856832,-0.16984572078224167
SYM_04414,0.43132798099737224,-0.3719242515016363
SYM_03612,0.13232876943511046,0.029963337258024286
SYM_04669,0.4925311043356413,0.16862476677128851
SYM_03494,0.1711638663450445,-0.38371299376622975
SYM_04101,0.10010695340399031,-0.6673972995291698
SYM_03926,0.3170859071663566,0.09108987981303866
SYM_04165,0.3068885413037355,0.07063243349663428
SYM_03878,0.3288506152546506,0.08056600196056911
SYM_03877,0.28296258666893803,0.09073173684196804
SYM_03933,0.3158936083065728,0.0743620427509669
SYM_04068,0.30618227967433614,0.0951861462177384
SYM_03595,0.1726903610536618,-0.10453852516265288
SYM_03860,0.26746782115140505,0.09946324264521854
SYM_04359,0.3078341247373751,0.08024654391561145
SYM_03537,0.2713238459904601,0.014006913263768787
SYM_04396,0.2976579952105516,0.06986976757517979
SYM_04516,0.42003858863079513,-0.027655527563769627
SYM_04945,0.4232581716843593,-0.008589837316444386
SYM_04505,0.42672865969682117,0.019972309278286752
SYM_03528,0.5290409370352994,0.14095474280906173
SYM_04076,0.48026481590713715,-0.2746350157061766
SYM_04130,0.5357012022033895,-0.26530096008391574
SYM_03535,0.29677581521149715,0.2085160747664305
CAU_00219,0.12884188012333603,0.13140976015992462
SYM_03837,0.47128375199959194,0.11284661215895335
SYM_03690,0.35598056977095016,-0.040049083351428795
SYM_03654,0.4337843478579247,0.04819672184658694
SYM_04094,-0.07636554257497592,0.36317842328715283
CAU_00070,0.2978962711986909,-0.17977535669660352
SYM_03523,0.2026210486136837,0.0429617388393532
CAU_00047,0.07495216274734855,-0.06408761338245116
SYM_03898,0.16646346129081163,0.07559238713279554
SYM_03629,0.14390749331922836,0.16343267894191466
SYM_03936,0.15298023376824926,0.17846181751773932
CAU_00133,-0.09408226477022287,0.18365227279611354
CAU_00080,0.03355727707099535,-0.08061213753975595
CAU_00359,0.0015999196375616474,0.4846611835620839
SYM_04773,-0.10680936060635975,0.741175788461268
SYM_04437,-0.03165631520078265,0.7628130833617289
SYM_03707,-0.05714964115270351,0.7498381239227633
CAU_00123,0.03249938728480116,0.022222822042173417
SYM_03526,0.15637295868264234,0.017325545894919255
SYM_03600,0.2732046507759767,-0.11910322240538564
SYM_03816,0.5725692926922158,0.07803092916241612
SYM_03664,0.33745335164612356,-0.04454900858994574
SYM_03947,0.40558295752844703,0.12517526383212427
CAU_00033,0.12112547748489819,-0.10178310844841319
CAU_00194,0.31117738334418177,-0.13637651148373886
SYM_04717,0.3670336612777213,-0.0446041255922563
CAU_00046,0.21693951676919293,-0.11664063231799945
SYM_03633,0.25517220047209693,-0.24270494047599891
SYM_03613,0.10656886003452713,0.38517071138900394
CAU_00115,0.21706808454295765,-0.2896862288696055
SYM_04206,0.5816185102849534,0.05220235499365796
CAU_00169,0.02558881999483559,0.28359358234348503
SYM_04852,-0.18981746747592307,-0.49731207412766604
SYM_04315,-0.17617630239423407,-0.5167254195782813
SYM_04952,-0.11978549934539902,-0.2540387812164487
SYM_05010,-0.2598126444491336,-0.4871401082388411
SYM_03803,-0.22841356146548952,-0.499097601861804
SYM_05214,-0.1888916188502924,-0.5059384954409101
SYM_05234,-0.2954130818714273,-0.4641038392678632
SYM_04465,-0.11165895276667984,-0.11609070832443331
SYM_04653,-0.16714048784153798,-0.49331116250184925
SYM_03623,0.162434978815448,-0.09813510332435328
SYM_04485,-0.07352956393043919,-0.5216757434040676
SYM_04558,-0.19515626345865655,-0.48865945839821273
SYM_03874,0.4690523531291563,0.30544630309004467
SYM_03751,0.09483168938008062,-0.2575940646795016
CAU_00104,0.09878639878797614,-0.13735238160522872
SYM_03744,0.2564189224350282,-0.22623718961776937
SYM_03559,0.30171768715201175,-0.09899530712956287
SYM_04756,0.584789579477642,-0.13223037464840146
SYM_03762,0.21552623814764563,-0.4062542228246629
SYM_03808,0.47227175925833303,-0.25162030610653774
SYM_03658,0.2380461898395009,0.2995693794842344
SYM_04779,0.5523716545838833,0.11824831134314133
CAU_00017,0.22704605529053137,-0.007560621805871163
SYM_03943,0.4219555239703741,0.11083260263526638
SYM_03865,0.4150414890555172,-0.14772511063365715
SYM_04158,0.252180921180238,-0.597913166784783
CAU_00281,0.37286380492827703,-0.3525386359674295
SYM_03760,0.40403424763032114,-0.028925280393146964
SYM_03638,0.21635733568730905,0.07126169457785785
SYM_03854,0.5658885542788896,0.16062067842033545
SYM_05166,0.22961241206633345,-0.3976363077090778
CAU_00289,0.04534671045741078,0.15484245613067976
SYM_05114,0.4836385883491367,0.27203466204263277
SYM_03948,0.5864592066498051,0.09052427825909437
SYM_03897,0.5157130953927221,0.19463745938758412
SYM_03712,0.586555533775121,0.1102681357502328
SYM_04198,0.5789692351915989,0.12552002157913608
SYM_04403,0.5464969739336125,0.18476707622428237
CAU_00163,0.24890501033634935,-0.05824195031853461
SYM_03924,0.45090341422493535,-0.21786350878926158
SYM_03841,0.3173751752217134,0.013464380719875046
SYM_04173,0.5232291192504681,-0.329956984807043
SYM_03737,0.4661616151926348,-0.20469098093335267
SYM_05130,0.5260694550936525,-0.34904849576156927
SYM_03966,0.5359246700039181,-0.3397861864062897
CAU_00161,0.1659199567623329,0.41236251424930204
SYM_04404,0.13151546835286732,0.6811858831316556
CAU_00279,0.7258983444180576,-0.48857780284159763
SYM_03868,0.371010662649286,-0.07086762651715438
SYM_04400,0.5101295133974214,0.0753166668403151
SYM_03815,0.20169220137582208,-0.4157519304182174
SYM_03722,0.368690897568865,0.02643616343602455
SYM_03869,0.5763089996317946,0.06766595845819354
SYM_04361,0.2835169696193927,-0.236039752490428
SYM_05155,0.2399823384975299,-0.35403234413884094
SYM_03640,0.4536095481328634,0.3222587158994891
SYM_03849,0.4757669266668522,0.20662222407386976
SYM_04463,0.5619262783592112,0.2070230073264252
SYM_04010,0.6664485910529242,0.159982847919485
SYM_04762,0.6757020777456535,0.04845636838645318
SYM_04170,0.40302842840153486,0.24865020801788487
SYM_03674,0.24607844763747294,-0.18869865179992815
SYM_04054,0.47763475675257155,0.34669180326076005
SYM_03543,0.24445203524138626,-0.3610723770089929
CAU_00358,0.1290264711486312,-0.1929412040168604
SYM_03800,0.21648089180128163,-0.3651995022311813
SYM_03847,0.3673391835518088,-0.26501292146638317
SYM_05127,0.5437390009879118,-0.0032666164877708584
SYM_04172,0.5241281592579944,-0.3490438565060321
SYM_03758,0.22677795138576068,-0.31659698922179225
SYM_03818,0.4122938311256791,0.11044943270011648
SYM_03787,0.2774887233579377,-0.08158390679261068
SYM_03726,0.5185597527357252,0.2946917843059039
SYM_05229,0.2118740942327174,-0.39179353807011086
SYM_04523,0.40652903599208484,-0.1924546033355238
SYM_03703,0.4616432304497051,0.29242331439555747
SYM_03725,0.1861343871534367,0.02750668747868293
SYM_04330,0.5868914560760473,0.009614920004462135
SYM_04088,0.4790764951110705,0.31005193267072734
SYM_04303,0.4051499918666016,0.07069846914740993
SYM_04563,0.4539658298120652,0.2745520355028602
SYM_04498,0.5279511753841284,0.2362692928079349
SYM_04565,0.4987107923881015,0.28515659877580524
SYM_04538,0.2194659630601636,-0.30591366886091603
SYM_05017,-0.26917554190025805,0.4552774147416049
CAU_00243,0.18228809989692227,-0.4116596118489252
CAU_00173,0.17796611194167453,-0.03263478051170486
SYM_03711,0.3525256295788343,-0.1456799752009429
CAU_00112,0.30011244600541054,0.3050035543071917
CAU_00360,0.11357151106484115,0.22808526702884585
SYM_04280,0.5020361431695661,-0.19710769300552078
SYM_03845,0.36603574548060014,0.051244649346011
SYM_04029,0.40442618341943726,0.0765724633596483
CAU_00037,0.21212753154694702,0.005798142777696925
SYM_04815,0.23588879274614544,-0.2999091389863953
SYM_04350,0.12290449004536991,-0.07352526041097387
SYM_03801,0.2519165142975351,0.2426366670885363
SYM_04112,0.24752869765412455,-0.3986492825210433
SYM_04140,0.5155226401785026,-0.06107886172943973
CAU_00220,0.36908486019643866,-0.07231711785021007
SYM_04363,0.49285091012045207,-0.007159506523704685
CAU_00176,-0.01282169127344988,0.3033128068302783
SYM_04252,0.4079801306223622,-0.22793321742112355
SYM_03791,0.2997111197006195,0.36785776178219043
SYM_03639,0.16901006270396532,0.32240578365507083
SYM_04026,0.4077994078857241,-0.20909296642901243
SYM_03999,0.40375420093229947,-0.1554128147948648
SYM_03994,0.4518485433412404,-0.17415990100724102
SYM_04445,0.3880461392973435,-0.2008336650004629
SYM_04814,0.4693340739811796,0.12489533287332616
SYM_05139,0.14635965413659524,-0.09836258991010516
SYM_04624,0.08159137020428325,-0.06487344917559318
SYM_04556,0.15412710172880903,0.44913760956710264
SYM_03990,0.21843863300160454,0.39726700768525725
SYM_04119,0.19586100811994364,0.4019228219841201
SYM_04562,0.21698206892147565,0.3621115181401602
SYM_04226,0.1680991254465925,0.44845568535265656
SYM_04411,0.21341520645403855,0.41717968585101906
SYM_04560,0.3443066911643557,0.25111252229185166
SYM_04589,-0.14183607890368005,-0.13472419513793463
SYM_04813,-0.11719284452314851,0.3582458207023205
SYM_04559,-0.2521539837422516,-0.14398596954263787
SYM_03827,-0.15474292779287727,0.37357712854010944
SYM_04477,-0.08665110564957866,0.3809389970743915
SYM_04625,-0.12415919931088644,0.37430485638075284
SYM_04626,-0.14200058549541605,-0.1662764069300467
SYM_05131,0.6854299950595583,-0.3387325249833183
CAU_00216,-0.04506161944902679,-0.15807376863110137
SYM_03982,-0.07315526891867298,-0.4339357365052891
SYM_04812,0.09886590959817397,0.10570822332506126
SYM_03684,0.15834683030662833,0.13711697651885849
SYM_04965,0.05464342053289844,0.06601717193770555
SYM_03925,0.053309883740810464,-0.15020515064760354
SYM_05011,0.1485389038186173,0.1406863445969341
SYM_04347,0.14801250753266115,0.12303013196141015
SYM_05117,0.07052470308710122,-0.1989138485114064
SYM_04489,0.4915488913565744,0.2673032601842845
SYM_05142,0.4398929211460734,0.31508061936845005
SYM_04614,0.4718233509505138,0.2876977485361099
SYM_04768,0.5023170536333988,0.2758684257147756
SYM_04943,0.5740436494159114,-0.12334000609141595
